#;CAMINHO NO XML;CAMPO;"REGRAS DE NEG‡CIO PARA A NOTA FISCAL DE SERVIÄO ELETR‚NICA DO 
SISTEMA NACIONAL NFS-e";;;;;;"N÷VEL
DA REGRA";"EMISSORES PÈBLICOS NACIONAIS NFS-e
(SEFIN, WEB, APP)";;ADN NFS-e;;OBSERVAÄÂES DE NEG‡CIO;;;
;;;"N°vel 1 - Regras de neg¢cio para consistància do Leiaute NFS-e

N°vel 2 - Regras de Neg¢cio gerais para todos os munic°pios aderentes ao SN NFS-e

N°vel 3 - Regras de Neg¢cio espec°ficas conforme legislaá∆o municipal do munic°pio parametrizada no SN NFS-e ";;;;;;;"RNs EXECUTADAS NA RECEPÄ«O DE DPS EVIADAS PELO EMITENTE PRESTADOR  (V),
RNs EXECUTADAS NA GERAÄ«O DAS INFORMAÄÂES DE NFS-e PELOS EMISSORES PÈBLICOS NACIONAIS (V) E
RNs N«O EXECUTADAS (X)";"NFS-e EMITIDA SOB CONDIÄÂES DE 
DECIS«O JUDICIAL OU ADMINISTRATIVA (cStat = 102)
RNs EXECUTADAS NA GERAÄ«O DE NFS-e PELOS
EMISSORES PÈBLICOS NACIONAIS (SEFIN, WEB, APP)
RNs EXECUTADAS (V)
RNs N«O EXECUTADAS (X)";"RNs EXECUTADAS 
NA RECEPÄ«O DE NFS-e COMPARTILHADAS 
PELOS MUNIC÷PIOS COM O 
ADN NFS-e (V) 
E
RNs N«O EXECUTADAS (X)";"NFS-e EMITIDAS SOB CONDIÄÂES DE DECIS«O JUDICIAL OU ADMINISTRATIVA (cStat = 102)
RNs EXECUTADAS 
NA RECEPÄ«O DE NFS-e COMPARTILHADAS 
PELOS MUNIC÷PIOS COM O 
ADN NFS-e (V) E
RNs N«O EXECUTADAS (X)";;;;
;;;REGRAS DE NEG‡CIO;;APLIC.;EFEITO;C‡D. ERRO;MSG. ERRO;;;;;;;;;
1;-;NFS-e;-;;-;-;-;-;-;-;-;-;-;-;;;
2;NFSe/;versao;Prazo de aceitaá∆o da vers∆o do leiaute NFS-e ultrapassado.;;Obrig.;Rej.;E1260;O prazo de aceitaá∆o da vers∆o do leiaute da NFS-e expirou.;1;V;V;V;V;-;;;
3;NFSe/;infNFSe;-;;-;-;-;-;-;-;-;-;-;-;;;
4;NFSe/infNFSe/;id;"O identificador da NFS-e Ç formado conforme a concatenaá∆o dos seguintes campos:
""NFS"" + C¢d.Mun. (7) + Amb.Ger. (1) + Tipo de Inscriá∆o Federal (1) + Inscriá∆o Federal (14 - CPF completar com 000 Ö esquerda) + nNFSe (13) + AnoMes Emis. (4) + C¢d.Num. (9) + DV (1)

Verificar se tipo de inscriá∆o e inscriá∆o, informados no identificador da NFS-e, est∆o corretamente correspondidos conforme o seguinte:

Tipo de inscriá∆o Federal = 1 / Inscriá∆o Federal = CPF emitente da NFS-e;
Tipo de inscriá∆o Federal = 2 / Inscriá∆o Federal = CNPJ emitente da NFS-e;

C¢d.Mun.Emi. Ç o c¢digo do munic°pio do endereáo do emitente da NFS-e.""";;Obrig.;Rej.;E1263;Conte£do informado no identificador da NFS-e difere da concatenaá∆o dos campos correspondentes que formam o identificador.;1;V;V;V;V;-;;;
5;;;Chave a acesso da NFS-e enviada j† existe no ADN.;;Obrig.;Rej.;E1268;Chave de acesso informada para a NFS-e j† foi compartilhada com o ADN.;1;V;V;V;V;-;;;
6;NFSe/infNFSe/;xLocEmi;-;;-;-;-;-;-;-;-;-;-;-;;;
7;NFSe/infNFSe/;xLocPrestacao;-;;-;-;-;-;-;-;-;-;-;-;;;
8;NFSe/infNFSe/;nNFSe;-;;-;-;-;-;-;-;-;-;-;-;;;
9;NFSe/infNFSe/;cLocIncid;"N∆o Ç permitido informar o c¢digo do local de incidància quando o serviáo prestado for imune, exportaá∆o de serviáo ou n∆o incidància do ISSQN sobre o serviáo prestado, ou seja, o campo referente Ö tributaá∆o do ISSQN (tribISSQN) Ç igual a ""2 - Imunidade, ""3 - Exportaá∆o de Serviáo"" ou ""4 - N∆o Incidància"", (tribISSQN = 2, 3 ou 4).";;Obrig.;Rej.;E1301;N∆o Ç permitido informar o c¢digo do local de incidància quando o campo referente Ö tributaá∆o do ISSQN indicar imunidade, exportaá∆o ou n∆o incidància.;1;V;X;V;X;-;;;
10;;;"ê obrigat¢rio informar o c¢digo do local de incidància quando o serviáo prestado for uma operaá∆o tribut†vel, ou seja, o campo referente Ö tributaá∆o do ISSQN (tribISSQN) Ç igual a ""1 - Operaá∆o Tribut†vel"", (tribISSQN = 1).";;Obrig.;Rej.;E1305;ê obrigat¢rio informar  o c¢digo do local de incidància quando o campo referente Ö tributaá∆o do ISSQN indicar Operaá∆o Tribut†vel.;1;V;V;V;V;-;;;
11;;;"Se o c¢digo da localidade de incidància for informado na NFS-e, ent∆o ele deve existir nas tabelas
de munic°pios do IBGE ou tabela de concess‰es de rodovia ou  tabela de localidade geral do arquivo 
ANEXO_A-MUNICIPIO_IBGE-PAISES_ISO2-SNNFSe.";;Obrig.;Rej.;E1309;O c¢digo do local de incidància do ISSQN n∆o existe conforme a tabela de munic°pios IBGE ou tabela de concess‰es de rodovia ou tabela de localidade geral no ANEXO_A-MUNICIPIO_IBGE-PAISES_ISO2-SNNFSe.;1;V;V;V;V;-;;;
12;;;"Se o c¢digo de tributaá∆o nacional (cTribNac) corresponder a um subitem diferente de 200101 e 
o local da prestaá∆o do serviáo (cLocPrestacao) ""µguas Mar°tmas"" (c¢digo 0000000), 
ent∆o o local de incidància (cLocIncid) deve ser igual ao c¢digo do munic°pio do endereáo do prestador do serviáo 
(NFSe/infNFSe/DPS/infDPS/prest/end/endNac/cMun).";;Obrig.;Rej.;E1313;"A localidade de incidància para o ISSQN deve corresponder ao munic°pio do estabelecimento/domic°lio do prestador do serviáo, quando n∆o for informado o c¢digo de tributaá∆o nacional (cTribNac) 200101, da lista nacional de serviáos do Sistema Nacional NFS-e, e a localidade de prestaá∆o do serviáo corresponder a ""µguas Mar°timas"" (0000000).";2;V;X;V;X;-;;;
13;;;"Se o c¢digo de tributaá∆o nacional informado corresponder a um dos seguintes c¢digos: 
030401, 030402, 030403, 030501, 070201, 070202, 070401, 070501, 070502, 070901, 070902, 071001, 071002, 071101, 071102, 071201, 071601, 071701, 071801, 071901, 110101, 110102, 110201, 110301, 110401, 110402, 120101, 120201, 120301, 120401, 120501, 120601, 120701, 120801, 120901, 120902, 120903, 121001, 121101, 121201, 121401, 121501, 121601, 121701, 160101, 160102, 160103, 160104, 160201, 171001, 171002, 220101,
ent∆o o codigo da localidade de  incidància do ISSQN deve ser igual ao c¢digo do local de prestaá∆o do serviáo informado na NFS-e pelo munic°pio.

Exceto para os casos de Imunidade, Exportaá∆o de Serviáo e N∆o Incidància (tribISSQN = 2, 3 ou 4).";;Obrig.;Rej.;E1317;"O local de incidància do ISSQN deve ser igual ao munic°pio da prestaá∆o do serviáo (NFSe/infNFSe/DPS/infDPS/serv/locPrest/cLocPrestacao)
 do serviáo informado na NFS-e compartilhada pelo munic°pio, quando informado qualquer c¢digo de tributaá∆o nacional cuja regra de incidància indique o local da prestaá∆o, conforme a tabela MUN.INCID_INFO.SERV. do ANEXO_I-SEFIN_ADN-DPS_NFSe-SNNFSe.";2;V;X;V;X;-;;;
14;;;"Se o c¢digo de tributaá∆o nacional informado corresponder a um dos seguintes c¢digos: 
170501, 
ent∆o o codigo do local de incidància do ISSQN deve ser igual ao c¢digo do munic°pio do endereáo do tomador 
(NFSe/infNFSe/DPS/infDPS/toma/end/endNac/cMun) 
 do serviáo informado na NFS-e compartilhada pelo munic°pio.

Exceto para os casos de Imunidade, Exportaá∆o de Serviáo e N∆o Incidància (tribISSQN = 2, 3 ou 4).";;Obrig.;Rej.;E1321;O local de incidància do ISSQN deve ser igual ao munic°pio do endereáo do tomador do serviáo informado na NFS-e compartilhada pelo munic°pio (NFSe/infNFSe/DPS/infDPS/toma/end/endNac/cMun).;2;V;X;V;X;-;;;
15;;;"Excetuados os c¢digos de tributaá∆o nacional:
030401, 030402, 030403, 030501, 070201, 070202, 070401, 070501, 070502, 070901, 070902, 071001, 071002, 071101, 071102, 071201, 071601, 071701, 071801, 071901, 110101, 110102, 110201, 110301, 110401, 110402, 120101, 120201, 120301, 120401, 120501, 120601, 120701, 120801, 120901, 120902, 120903, 121001, 121101, 121201, 121401, 121501, 121601, 121701, 160101, 160102, 160103, 160104, 160201, 171001, 171002, 170501, 220101 e 990101,
para os demais c¢digos de tributaá∆o, de acordo com a tabela MUN.INCID_INFO.SERV. do ANEXO_I-SEFIN_ADN-DPS_NFSe-SNNFSe, 
o codigo da localidade de incidància do ISSQN deve ser igual ao
c¢digo do munic°pio do endereáo do emitente da NFS-e (NFSe/infNFSe/emit/endNac/cMun), 
quanto o emitente for o prestador do serviáo (tpEmit = 1),
 ou c¢digo do munic°pio do endereáo do prestador do serviáo da DPS (NFSe/infNFSe/DPS/infDPS/prest/end/endNac/cMun),
quando o emitente da NFS-e for o tomador ou intermedi†rio (tpEmit = 2 ou 3).


Exceto para os casos de Imunidade, Exportaá∆o de Serviáo e N∆o Incidància (tribISSQN = 2, 3 ou 4).";;Obrig.;Rej.;E1325;"O local de incidància do ISSQN deve ser igual ao munic°pio do endereáo do prestador (NFSe/infNFSe/DPS/infDPS/prest/end/endNac/cMun)
do serviáo informado na NFS-e compartilhada pelo munic°pio, quando informado qualquer c¢digo de tributaá∆o nacional cuja regra de incidància indique o munic°pio do estabelecimento do prestador, conforme a tabela MUN.INCID_INFO.SERV. do ANEXO_I-SEFIN_ADN-DPS_NFSe-SNNFSe.";2;V;X;V;X;-;;;
16;NFSe/infNFSe/;xLocIncid;ê obrigat¢rio informar a descriá∆o do local de incidància quando o c¢digo do local de incidància (cLocIncid) for informado.;;Obrig.;Rej.;E1327;ê obrigat¢rio informar a descriá∆o do local de incidància quando o c¢digo do local de incidància (cLocIncid) for informado.;1;V;V;V;V;-;;;
17;;;N∆o Ç permitido informar a descriá∆o do local de incidància quando o c¢digo do local de incidància (cLocIncid) n∆o for informado.;;Obrig.;Rej.;E1329;N∆o Ç permitido informar a descriá∆o do local de incidància quando o c¢digo do local de incidància (cLocIncid) n∆o for informado.;1;V;V;V;V;-;;;
17;NFSe/infNFSe/;xTribNac;-;;-;-;-;-;-;-;-;-;-;-;;;
18;NFSe/infNFSe/;xTribMun;-;;-;-;-;-;-;-;-;-;-;-;;;
#REF!;NFSe/infNFSe/;xNBS;-;;-;-;-;-;-;-;-;-;-;-;;;
21;NFSe/infNFSe/;verAplic;-;;-;-;-;-;-;-;-;-;-;-;;;
22;NFSe/infNFSe/;ambGer;"Verificar se o ambiente gerador da NFS-e est† de acordo com a definiá∆o:
1- Sistema Pr¢prio do Munic°pio, para as NFS-e compartilhadas pelo munic°pio para o ADN, ou
2 - Sefin Nacional NFS-e, para as NFS-e emitidas pela Sefin ou recepcionadas via API ""Bypass"".";;Obrig.;Rej.;E1274;O ambiente gerador da NFS-e n∆o est† de acordo com a definiá∆o 1 (Sistema Pr¢prio do Munic°pio) ou 2 (Sefin Nacional).;1;V;V;V;V;-;;;
23;NFSe/infNFSe/;tpEmis;-;;-;-;-;-;-;-;-;-;-;-;;;
24;NFSe/infNFSe/;procEmi;"Os emissores p£blicos nacionais devem gerar a NFS-e informando qual o processo de emiss∆o:

1 - Emiss∆o com aplicativo do contribuinte (via Web Service);
2 - Emiss∆o com aplicativo disponibilizado pelo fisco (Web);
3 - Emiss∆o com aplicativo disponibilizado pelo fisco (App);

Verificar se a NFS-e compartilhada pelo munic°pio preencheu alguma informaá∆o para o processo de emiss∆o. 
Este campo n∆o deve ser informado em NFS-e compartilhada com o ADN NFS-e.";;Obrig.;Rej.;E1276;A informaá∆o do processo de emiss∆o de NFS-e Ç exclusiva para notas emitidas pela Sefin Nacional NFS-e. O munic°pio n∆o deve informar este campo nas NFS-e compartilhadas com o ADN NFS-e.;1;V;V;V;V;-;;;
25;NFSe/infNFSe/;cStat;-;;-;-;-;-;-;-;-;-;-;-;;;
26;NFSe/infNFSe/;dhProc;A data e hora do processamento (geraá∆o) da NFS-e deve ser anterior ou igual Ö data e hora da sua recepá∆o pelo Sistema Nacional NFS-e.;;Obrig.;Rej.;E1278;A data e hora do processamento (geraá∆o) da NFS-e deve ser anterior ou igual Ö data da recepá∆o pelo Sistema Nacional NFS-e.;1;V;V;V;V;-;;;
27;NFSe/infNFSe/;nDFSe;-;;-;-;-;-;-;-;-;-;-;-;;;
28;NFSe/infNFSe/;emit;-;;-;-;-;-;-;;-;;-;-;;;
29;NFSe/infNFSe/emit/;CNPJ;Verificar se o CNPJ informado para o emitente da NFS-e Ç v†lido (verificar DV).;;Obrig.;Rej.;E1280;CNPJ informado para o emitente da NFS-e Ç inv†lido (verificar DV).;1;V;V;V;V;-;;;
30;;;"Verificar se o CNPJ do emitente corresponde ao CNPJ informado para prestador ou tomador ou intermedi†rio, conforme o valor do campo tpEmit informado na DPS.
tpemit = 1 - Prestador, tpemit = 2 - Tomador, tpemit = 3 - Intermedi†rio,";;Obrig.;Rej.;E1282;O CNPJ do emitente n∆o corresponde ao CNPJ do informado conforme o tipo de emitente informado na DPS.;1;V;V;V;V;;;;
31;NFSe/infNFSe/emit/;CPF;Verificar se o CPF informado para o emitente da NFS-e Ç v†lido (verificar DV).;;Obrig.;Rej.;E1284;CPF informado para o emitente da NFS-e Ç inv†lido (verificar DV).;1;V;V;V;V;-;;;
32;;;"Verificar se o CPF do emitente corresponde ao CPF informado para prestador ou tomador ou intermedi†rio, conforme o valor do campo tpEmit informado na DPS.
tpemit = 1 - Prestador, tpemit = 2 - Tomador, tpemit = 3 - Intermedi†rio,";;Obrig.;Rej.;E1285;O CPF do emitente n∆o corresponde ao CPF do informado conforme o tipo de emitente informado na DPS.;1;V;V;V;V;;;;
33;NFSe/infNFSe/emit/;IM;-;;-;-;-;-;-;-;-;-;-;-;;;
34;NFSe/infNFSe/emit/;xNome;-;;-;-;-;-;-;-;-;-;-;-;;;
35;NFSe/infNFSe/emit/;xFant;-;;-;-;-;-;-;-;-;-;-;-;;;
36;NFSe/infNFSe/emit/;enderNac;-;;-;-;-;-;-;;-;;-;-;;;
37;NFSe/infNFSe/emit/enderNac/;xLgr;-;;-;-;-;-;-;-;-;-;-;-;;;
38;NFSe/infNFSe/emit/enderNac/;nro;-;;-;-;-;-;-;-;-;-;-;-;;;
39;NFSe/infNFSe/emit/enderNac/;xCpl;-;;-;-;-;-;-;-;-;-;-;-;;;
40;NFSe/infNFSe/emit/enderNac/;xBairro;-;;-;-;-;-;-;-;-;-;-;-;;;
41;NFSe/infNFSe/emit/enderNac/;cMun;Verificar se o c¢digo do munic°pio do emitente da NFS-e corresponde ao c¢digo do munic°pio emissor (cLocEmi) informado na NFS-e.;;Obrig.;Rej.;E1286;O c¢digo do munic°pio do emitente da NFS-e difere do c¢digo do municipio emissor informado na NFS-e.;1;V;V;V;V;-;;;
42;NFSe/infNFSe/emit/enderNac/;UF;-;;-;-;-;-;-;-;-;-;-;-;;;
43;NFSe/infNFSe/emit/enderNac/;CEP;-;;-;-;-;-;-;-;-;-;-;-;;;
44;NFSe/infNFSe/emit/;fone;-;;-;-;-;-;-;-;-;-;-;-;;;
45;NFSe/infNFSe/emit/;email;-;;-;-;-;-;-;-;-;-;-;-;;;
46;NFSe/infNFSe/;valores;Exceto para o campo vLiq, n∆o Ç permitido informar os demais campos do grupo valores quando o prestador Ç optante do simples nacional do tipo MEI (opSimpNac = 2).;;Obrig.;Rej.;E1302;Exceto para o campo vLiq, n∆o Ç permitido informar os demais campos do grupo valores para prestador de serviáo optante do simples nacional do tipo MEI.;1;V;X;V;X;;;;
47;;;"Exceto para o campo vLiq, n∆o Ç permitido informar os demais campos do grupo valores quando o serviáo prestado for imune, exportaá∆o de serviáo ou n∆o incidància do ISSQN sobre o serviáo prestado, ou seja, o campo referente Ö tributaá∆o do ISSQN (tribISSQN) Ç igual a ""2 - Imunidade, ""3 - Exportaá∆o de Serviáo"" ou ""4 - N∆o Incidància"", (tribISSQN = 2, 3 ou 4).";;Obrig.;Rej.;E1303;Exceto para o campo vLiq, n∆o Ç permitido informar os demais campos do grupo valores quando o campo referente Ö tributaá∆o do ISSQN indicar imunidade, exportaá∆o ou n∆o incidància.;1;V;X;V;X;;;;
48;;;Exceto para o campo vLiq, n∆o Ç permitido informar os demais campos do grupo valores quando o prestador de serviáo tiver um regime especial de tributaá∆o, ou seja, o campo que indica o regime especial de tributaá∆o Ç diferente de 0, (regEspTrib = 1, 2, 3, 4, 5, 6 ou 9).;;Obrig.;Rej.;E1307;Exceto para o campo vLiq, n∆o Ç permitido informar os demais campos do grupo valores quando o prestador de serviáo possui algum regime especial de tributaá∆o.;1;V;X;V;X;;;;
49;;;Exceto para o campo vLiq, n∆o Ç permitido informar os demais campos do grupo valores quando estiver indicado na DPS que a tributaá∆o do ISSQN est† com sua exigibilidade suspensa, seja administrativamente ou judicialmente, ou seja, o campo que indica a suspens∆o da exigibilidade est† informado na DPS (tpSUSP = 1 ou 2).;;Obrig.;Rej.;E1311;Exceto para o campo vLiq, n∆o Ç permitido informar os demais campos do grupo valores quando a exigibilidade da tributaá∆o do ISSQN estiver suspensa por decis∆o judicial ou administrativa.;1;V;X;V;X;;;;
50;NFSe/infNFSe/valores/;vCalcDR;"vCalcDR Ç o valor monet†rio calculado a partir do percentual de deduá∆o/reduá∆o da BC do ISSQN, informado pelo emitente no campo pDR da DPS. Este percentual Ç calculado sobre valor do serviáo informado na DPS e o resultado calculado Ç o valor deste campo do leiaute NFS-e
ou
a soma dos valores de deduá∆o/reduá∆o da BC do ISSQN, quando um ou mais documentos s∆o informados nos campos vDeducaoReducao pelo emitente na DPS. Neste caso, o resultado do somat¢rio Ç o valor deste campo do leiaute NFS-e.";;Obrig.;Rej.;E1287;O valor calculado de deduá∆o/reduá∆o n∆o corresponde aos valores de (valor do serviáo x percentual de deduá∆o/reduá∆o), quando pDR Ç informado na DPS ou ao somat¢rio dos valores do campo vDeducaoReducao, quando um ou mais documentos s∆o informados para deduá∆o/reduá∆o da base de c†lculo do ISSQN.;1;V;X;V;X;-;;;
51;NFSe/infNFSe/valores/;tpBM;-;;-;-;-;-;-;-;-;-;-;-;;;
52;NFSe/infNFSe/valores/;vCalcBM;vCalcBM Ç o valor mmonet†rio calculado a partir do percentual  de BM, que foi informada no campo pRedBCBM da DPS. Neste caso o percentual Ç aplicado sobre o valor do serviáo informado na DPS e o resultado calculado Ç o valor deste campo do leiaute NFS-e.;;Obrig.;Rej.;E1288;O valor calculado do percentual de reduá∆‰ da base de c†lculo por Benef°cio Municipal n∆o corresponde aos valores de (valor do serviáo x percentual de benef°cio municipal), quando pRedBCBM Ç informado na DPS.;1;V;X;V;X;-;;;
53;NFSe/infNFSe/valores/;vBC;"O valor da base de c†lculo do ISSQN (vBC) Ç calculado a partir de valores informados na NFS-e:

Valor da BC = Valor do serviáo - Desconto incondicionado - Valores monet†rio de Deduá∆o Reduá∆o - Valor monet†rio de Benerf°cio Municipal - Valor monet†rio total relativo ao fornecimento pr¢prio de bens materiais ou relacionados a operaá‰es de terceiros, objeto de reembolso, repasse ou ressarcimento pelo recebedor

vBC = vServ - vDescIncond - (vDR ou vDeducaoReducao ou vCalcDR) - (vRedBCBM ou vCalcBM) - vCalcReeRepRes";;Obrig.;Rej.;E1295;O valor da base c†lculo deve ser igual ao valor do serviáo menos desconto incondicionado e, valores monet†rios de deduá∆o/reduá∆o e benef°cio municipal e valores relativos ao fornecimento pr¢prio de bens materiais ou relacionados a operaá‰es de terceiros, objeto de reembolso, repasse ou ressarcimento pelo recebedor, informados na NFS-e.;1;V;X;V;X;-;;;
54;NFSe/infNFSe/valores/;;"O valor BC calculado n∆o pode estar reduzida de forma que resulte para valor do ISSQN a uma al°quota efetiva menor que 2%, exceto para os c¢digos relativos aos serviáos:
042201, 042301, 050901, 070201, 070202, 070501 , 070502, 090201, 090202, 100101, 100102, 100103, 100104, 100105, 100201, 100202, 100301, 100401, 100402, 100403, 100501, 100502, 100601, 100701, 100801, 100901, 101001, 150101, 150102, 150103, 150104, 150105, 151001, 151002, 151003, 151004, 151005, 160101, 160102, 160103, 160104, 160201, 170501, 170601, 171001, 171002, 171101, 171102, 171201, 210101, 250301.";;Obrig.;Rej.;E1297;O valor BC calculado n∆o pode estar reduzida de forma que resulte para valor do ISSQN a uma al°quota efetiva menor que 2%, exceto para os c¢digos relativos aos subitens 042201, 042301, 050901, 070201, 070202, 070501 , 070502, 090201, 090202, 100101, 100102, 100103, 100104, 100105, 100201, 100202, 100301, 100401, 100402, 100403, 100501, 100502, 100601, 100701, 100801, 100901, 101001, 150101, 150102, 150103, 150104, 150105, 151001, 151002, 151003, 151004, 151005, 160101, 160102, 160103, 160104, 160201, 170501, 170601, 171001, 171002, 171101, 171102, 171201, 210101, 250301, da lista de serviáos nacional do Sistema Nacional NFS-e.;2;V;X;V;X;O valor do desconto incondicionado, se informado na DPS, n∆o Ç considerado para a reduá∆o do valor da BC de forma que resulte para valor do ISSQN a uma al°quota efetiva menor que 2%.;;;
55;NFSe/infNFSe/valores/;pAliqAplic;N∆o Ç permitido informar al°quota aplicada superior a 5%.;;Obrig.;Rej.;E1300;N∆o Ç permitido informar al°quota aplicada superior a 5%.;1;V;X;V;X;-;;;
56;NFSe/infNFSe/valores/;vISSQN;O valor do ISSQN informado na NFS-e (vISSQN) deve ser igual ao produto da base de c†lculo pela al°quota aplicada (vBC x pAliqAPlic).;;Obrig.;Rej.;E1289;O produto do valor da base de c†lculo pela al°quota aplicada, ambos informados na NFS-e compartilhada, n∆o est† de acordo com o resultado c†lculado pelo sistema (vBC x pAliAplic).;1;V;X;V;X;-;;;
57;NFSe/infNFSe/valores/;vTotalRet;"O valor total da retená∆o da NFS-e n∆o pode ser inferior a zero.

O valor total da retená∆o da NFS-e Ç calculado a partir de valores que constam na DPS atravÇs do seguinte c†lculo:

Valor total de retená‰es (R$) = ?(vRetCP + vRetIRRF+ vRetCSLL + ISSQN*)

vTotalRet = vRetCP + vRetIRRF + vRetCSLL + vISSQN*";;Obrig.;Rej.;E1506;O valor total de tributos retidos da NFS-e n∆o pode ser inferior a zero.;1;V;X;V;X;-;;;
58;NFSe/infNFSe/valores/;vLiq;"O valor l°quido da NFS-e n∆o pode ser inferior a zero.

O valor l°quido da NFS-e Ç calculado a partir de valores que constam na DPS atravÇs do seguinte c†lculo:

Valor l°quido (R$) = Valor do serviáo - Desconto condicionado - Desconto incondicionado - Valores retidos 
 
 VLiq = vServ ? vDescIncond ? vDescCond ? vTotalRet";;Obrig.;Rej.;E1508;O valor l°quido da NFS-e n∆o pode ser inferior a zero.;1;V;X;V;X;-;;;
59;NFSe/infNFSe/;xOutInf;-;;-;-;-;-;-;-;-;-;-;-;;;
60;NFSe/infNFSe/;IBSCBS;"Se o grupo de informaá‰es de IBS/CBS da DPS (NFSe/infNFSe/DPS/infDPS/IBSCBS/) for informado, 
ent∆o o grupo de informaá‰es de IBS/CBS da NFS-e deve ser informado obrigatoriamente.";;Obrig.;Rej.;E1515;ê obrigat¢rio informar o grupo de informaá‰es de IBS/CBS da NFS-e quando o grupo de informaá‰es de IBS/CBS da DPS for informado.;1;V;V;V;V;-;;;
61;;;"Se o grupo de informaá‰es de IBS/CBS da DPS (NFSe/infNFSe/DPS/infDPS/IBSCBS/) n∆o for informado, 
ent∆o n∆o Ç permitido informar o grupo de informaá‰es de IBS/CBS da NFS-e.";;Obrig.;Rej.;E1517;N∆o Ç permitido informar o grupo de informaá‰es de IBS/CBS da NFS-e quando o grupo de informaá‰es de IBS/CBS da DPS n∆o for informado.;1;V;V;V;V;-;;;
61;NFSe/infNFSe/IBSCBS/;cLocalidadeIncid;"O c¢digo da localidade de incidància informado deve estar de acordo com o c¢digo de indicador da operaá∆o. A tabela de indicadores das operaá‰es deve ser observada. (Anexo B). Para os casos de endereáo no exterior, deve ser igual a ""999999""";;Obrig.;Rej.;E1521;C¢digo da localidade de incidància diverge do que deveria ser informado de acordo com a tabela de indicador da operaá∆o.;1;V;V;V;V;-;;;
62;NFSe/infNFSe/IBSCBS/;xLocalidadeIncid;-;;-;-;-;-;1;;;;;-;;;
63;NFSe/infNFSe/IBSCBS/;pRedutor;O percentual redutor para compras governamentais s¢ deve ser informando se tpEnteGov foi informado na DPS.;;Obrig.;Rej.;E1522;O percentual redutor para compras governamentais (IBS/CBS) n∆o deve ser informado.;1;V;V;V;V;-;;;
65;;;O percentual redutor para compras governamentais deve ser informado se tpEnteGov foi informado na DPS.;;Obrig.;Rej.;E1523;O percentual redutor para compras governamentais (IBS/CBS) deve ser informado.;1;V;V;V;V;-;;;
66;NFSe/infNFSe/IBSCBS/;valores;-;;-;-;-;-;-;-;-;-;-;-;;;
67;NFSe/infNFSe/IBSCBS/valores/;vBC;"O valor da base de c†lculo do IBS/CBS (vBC) Ç calculado a partir de valores informados na NFS-e:

(de 01/01/2026 atÇ 31/12/2026)
vBC = vServ - descIncond ? vCalcReeRepRes ? vISSQN ? vPIS - vCOFINS
ou
(de 01/01/2027 atÇ 31/12/2032)
vBC = vServ - descIncond ? vCalcReeRepRes ? vISSQN";;Obrig.;Rej.;E1530;Valor da Base de c†lculo para IBS/CBS incorreto.;1;V;V;V;V;-;;;
68;NFSe/infNFSe/IBSCBS/valores/;vCalcReeRepRes;O valor objeto de reembolso, repasse ou ressarcimento j† tributados que n∆o integram da base de c†lculo do ISSQN, do IBS e da CBS (vCalcReeRepRes) n∆o deve ser informado se o grupo de documentos referenciados que ir∆o compor o valor n∆o foi informado na DPS.;;Obrig.;Rej.;E1531;O valor objeto de reembolso, repasse ou ressarcimento j† tributados que n∆o integram da base de c†lculo do ISSQN, do IBS e da CBS (vCalcReeRepRes) n∆o deve ser informado.;1;V;V;V;V;-;;;
69;;;O valor objeto de reembolso, repasse ou ressarcimento j† tributados que n∆o integram da base de c†lculo do ISSQN, do IBS e da CBS (vCalcReeRepRes) deve ser informado se o grupo de documentos referenciados que ir∆o compor o valor foi informado na DPS.;;Obrig.;Rej.;E1533;O valor objeto de reembolso, repasse ou ressarcimento j† tributados que n∆o integram da base de c†lculo do ISSQN, do IBS e da CBS (vCalcReeRepRes) deve ser informado.;1;V;V;V;V;-;;;
70;;;O valor objeto de reembolso, repasse ou ressarcimento j† tributados que n∆o integram da base de c†lculo do ISSQN, do IBS e da CBS (vCalcReeRepRes) deve ser menor que o valor do serviáo informado na DPS.;;Obrig.;Rej.;E1534;O valor objeto de reembolso, repasse ou ressarcimento j† tributados que n∆o integram da base de c†lculo do ISSQN, do IBS e da CBS (vCalcReeRepRes) deve ser menor que o valor do serviáo prestado.;1;V;V;V;V;-;;;
71;;;O valor objeto de reembolso, repasse ou ressarcimento j† tributados que n∆o integram da base de c†lculo do ISSQN, do IBS e da CBS (vCalcReeRepRes) deve ser igual Ö soma dos valores de documentos referenciados informados na DPS.;;Obrig.;Rej.;E1535;O valor objeto de reembolso, repasse ou ressarcimento j† tributados que n∆o integram da base de c†lculo do ISSQN, do IBS e da CBS (vCalcReeRepRes) incorreto.;1;V;V;V;V;-;;;
72;NFSe/infNFSe/IBSCBS/valores/;uf;-;;-;-;-;-;-;-;-;-;-;-;;;
73;NFSe/infNFSe/IBSCBS/valores/uf/;pIBSUF;A al°quota da UF para IBS deve ser igual ao valor IBSCBS/gIBSCBS/gIBSUF/pIBSUF retornado pela Calculadora;;Obrig.;Rej.;E1539;Al°quota da UF para IBS incorreta.;1;V;V;V;V;"CALCULADORA
Margem de erro de R$ 0,01";;;
74;NFSe/infNFSe/IBSCBS/valores/uf/;pRedAliqUF;O percentual redutor de al°quota para o IBS estadual n∆o deve ser informado se o c¢digo da classificaá∆o tribut†ria - cClassTribIBSCBS informado na DPS n∆o possuir essa indicaá∆o.;;Obrig.;Rej.;E1540;O percentual redutor de al°quota para o IBS estadual n∆o deve ser informado para o c¢digo da classificaá∆o tribut†ria - cClassTribIBSCBS informado na DPS.;1;V;V;V;V;-;;;
75;;;O percentual redutor de al°quota para o IBS estadual deve ser informado se o c¢digo da classificaá∆o tribut†ria - cClassTribIBSCBS informado na DPS possuir essa indicaá∆o.;;Obrig.;Rej.;E1541;O percentual redutor de al°quota para o IBS estadual deve ser informado para o c¢digo da classificaá∆o tribut†ria - cClassTribIBSCBS informado na DPS.;1;V;V;V;V;-;;;
76;;;O percentual redutor de al°quota para o IBS estadual informado deve ser o mesmo indicado para o c¢digo da classificaá∆o tribut†ria - cClassTribIBSCBS informado na DPS.;;Obrig.;Rej.;E1543;O percentual redutor de al°quota para o IBS estadual informado difere do indicado para o o c¢digo da classificaá∆o tribut†ria - cClassTribIBSCBS informado na DPS.;1;V;V;V;V;-;;;
77;;;O percentual redutor de al°quota para o IBS estadual deve ser igual ao valor IBSCBS/gIBSCBS/gIBSUF/gRed/pRedAliq retornado pela Calculadora;;Obrig.;Rej.;E1557;Percentual redutor de al°quota para o IBS estadual incorreto.;1;V;V;V;V;"CALCULADORA
Margem de erro de R$ 0,01";;;
78;NFSe/infNFSe/IBSCBS/valores/uf/;pAliqEfetUF;A al°quota efetiva da UF para IBS deve ser igual ao valor IBSCBS/gIBSCBS/gIBSUF/gRed/pAliqEfet retornado pela Calculadora;;Obrig.;Rej.;E1577;Al°quota efetiva da UF para IBS incorreta.;1;V;V;V;V;"CALCULADORA
Margem de erro de R$ 0,01";;;
79;NFSe/infNFSe/IBSCBS/valores/;mun;-;;-;-;-;-;-;-;-;-;-;-;;;
80;NFSe/infNFSe/IBSCBS/valores/mun/;pIBSMun;A al°quota do Munic°pio para IBS deve ser igual ao valor IBSCBS/gIBSCBS/gIBSMun/pIBSMun retornado pela Calculadora;;Obrig.;Rej.;E1578;Al°quota do Munic°pio para IBS incorreta.;1;V;V;V;V;"CALCULADORA
Margem de erro de R$ 0,01";;;
81;NFSe/infNFSe/IBSCBS/valores/mun/;pRedAliqMun;O percentual redutor de al°quota para o IBS municipal n∆o deve ser informado se o c¢digo da classificaá∆o tribut†ria - cClassTribIBSCBS informado na DPS n∆o possuir essa indicaá∆o.;;Obrig.;Rej.;E1545;O percentual redutor de al°quota para o IBS municipal n∆o deve ser informado para o c¢digo da classificaá∆o tribut†ria - cClassTribIBSCBS informado na DPS.;1;V;V;V;V;-;;;
82;;;O percentual redutor de al°quota para o IBS municipal deve ser informado se o c¢digo da classificaá∆o tribut†ria - cClassTribIBSCBS informado na DPS possuir essa indicaá∆o.;;Obrig.;Rej.;E1546;O percentual redutor de al°quota para o IBS municipal deve ser informado para o c¢digo da classificaá∆o tribut†ria - cClassTribIBSCBS informado na DPS.;1;V;V;V;V;-;;;
83;;;O percentual redutor de al°quota para o IBS municipal informado deve ser o mesmo indicado para o c¢digo da classificaá∆o tribut†ria - cClassTribIBSCBS informado na DPS.;;Obrig.;Rej.;E1547;O percentual redutor de al°quota para o IBS municipal informado difere do indicado para o o c¢digo da classificaá∆o tribut†ria - cClassTribIBSCBS informado na DPS.;1;V;V;V;V;-;;;
84;;;O percentual de reduá∆o de al°quota municipal deve ser igual ao valor IBSCBS/gIBSCBS/gIBSMun/gRed/pRedAliq retornado pela Calculadora;;Obrig.;Rej.;E1548;Percentual de reduá∆o de al°quota municipal incorreto.;1;V;V;V;V;"CALCULADORA
Margem de erro de R$ 0,01";;;
85;NFSe/infNFSe/IBSCBS/valores/mun/;pAliqEfetMun;A al°quota efetiva do Munic°pio para IBS deve ser igual ao valor IBSCBS/gIBSCBS/gIBSMun/gRed/pAliqEfet retornado pela Calculadora;;Obrig.;Rej.;E1549;Al°quota efetiva do Munic°pio para IBS incorreta.;1;V;V;V;V;"CALCULADORA
Margem de erro de R$ 0,01";;;
86;NFSe/infNFSe/IBSCBS/valores/;fed;-;;-;-;-;-;-;-;-;-;-;-;;;
87;NFSe/infNFSe/IBSCBS/valores/fed/;pCBS;A al°quota da Uni∆o para CBS deve ser igual ao valor IBSCBS/gIBSCBS/gCBS/pCBS retornado pela Calculadora;;Obrig.;Rej.;E1558;Al°quota da Uni∆o para CBS incorreta.;1;V;V;V;V;"CALCULADORA
Margem de erro de R$ 0,01";;;
88;NFSe/infNFSe/IBSCBS/valores/fed/;pRedAliqCBS;O percentual redutor de al°quota para a CBS n∆o deve ser informado se o c¢digo da classificaá∆o tribut†ria - cClassTribIBSCBS informado na DPS n∆o possuir essa indicaá∆o.;;Obrig.;Rej.;E1550;O percentual redutor de al°quota para a CBS n∆o deve ser informado para o c¢digo da classificaá∆o tribut†ria - cClassTribIBSCBS informado na DPS.;1;V;V;V;V;-;;;
89;;;O percentual redutor de al°quota para a CBS deve ser informado se o c¢digo da classificaá∆o tribut†ria - cClassTribIBSCBS informado na DPS possuir essa indicaá∆o.;;Obrig.;Rej.;E1551;O percentual redutor de al°quota para a CBS deve ser informado para o c¢digo da classificaá∆o tribut†ria - cClassTribIBSCBS informado na DPS.;1;V;V;V;V;-;;;
90;;;O percentual redutor de al°quota para a CBS informado deve ser o mesmo indicado para o c¢digo da classificaá∆o tribut†ria - cClassTribIBSCBS informado na DPS.;;Obrig.;Rej.;E1552;O percentual redutor de al°quota para a CBS informado difere do indicado para o o c¢digo da classificaá∆o tribut†ria - cClassTribIBSCBS informado na DPS.;1;V;V;V;V;-;;;
91;;;O percentual redutor de al°quota para a CBS deve ser igual ao valor IBSCBS/gIBSCBS/gCBS/gRed/pRedAliq retornado pela Calculadora;;Obrig.;Rej.;E1553;Percentual redutor de al°quota para a CBS incorreto.;1;V;V;V;V;"CALCULADORA
Margem de erro de R$ 0,01";;;
92;NFSe/infNFSe/IBSCBS/valores/fed/;pAliqEfetCBS;A al°quota efetiva da Uni∆o para CBS deve ser igual ao valor IBSCBS/gIBSCBS/gCBS/gRed/pAliqEfet retornado pela Calculadora;;Obrig.;Rej.;E1554;Al°quota efetiva da Uni∆o para CBS incorreta.;1;V;V;V;V;"CALCULADORA
Margem de erro de R$ 0,01";;;
93;NFSe/infNFSe/IBSCBS/;totCIBS;-;;-;-;-;-;-;-;-;-;-;-;;;
94;NFSe/infNFSe/IBSCBS/totCIBS/;vTotNF;"O valor total da NFS-e considerando os impostos por fora (IBS e CBS) Ç calculado a partir dos valores informados na NFS-e:
vTotNF = vLiq (em 2026)
vTotNF = vLiq + vCBS + vIBSTot (a partir de 2027)";;Obrig.;Rej.;E1555;Valor total da NFS-e est† incorreto.;1;V;V;V;V;-;;;
95;NFSe/infNFSe/IBSCBS/totCIBS/;gIBS;-;;-;-;-;-;-;-;-;-;-;-;;;
96;NFSe/infNFSe/IBSCBS/totCIBS/gIBS/;vIBSTot; O valor total do IBS deve ser igual ao valor total/IBSCBSTot/vIBS retornado pela Calculadora;;Obrig.;Rej.;E1556;Valor total do IBS incorreto.;1;V;V;V;V;"CALCULADORA
Margem de erro de R$ 0,01";;;
97;NFSe/infNFSe/IBSCBS/totCIBS/gIBS/;gIBSCredPres;O grupo de crÇdito presumido para IBS n∆o deve ser informado se o c¢digo do crÇdito presumido - cCredPres n∆o foi informado na DPS.;;Obrig.;Rej.;E1560;Grupo crÇdito presumido para IBS n∆o deve ser informado.;1;V;V;V;V;-;;;
98;;;O grupo de crÇdito presumido para IBS deve ser informado se o c¢digo do crÇdito presumido - cCredPres foi informado na DPS.;;Obrig.;Rej.;E1561;Grupo crÇdito presumido para IBS deve ser informado.;1;V;V;V;V;-;;;
99;NFSe/infNFSe/IBSCBS/totCIBS/gIBS/gIBSCredPres/;pCredPresIBS;-;;-;-;-;-;-;-;-;-;-;-;;;
100;NFSe/infNFSe/IBSCBS/totCIBS/gIBS/gIBSCredPres/;vCredPresIBS;-;;-;-;-;-;-;-;-;-;-;-;;;
101;NFSe/infNFSe/IBSCBS/totCIBS/gIBS/;gIBSUFTot;-;;-;-;-;-;-;-;-;-;-;-;;;
102;NFSe/infNFSe/IBSCBS/totCIBS/gIBS/gIBSUFTot/;vDifUF;O valor do diferimento para o IBS estadual n∆o deve ser informado se n∆o foi informada, na DPS, a al°quota para o diferimento do IBS estadual - pDifUF.;;Obrig.;Rej.;E1565;Valor do diferimento para o IBS estadual n∆o deve ser informado.;1;V;V;V;V;-;;;
103;;;O valor do diferimento para o IBS estadual deve ser informado se foi informada, na DPS, a al°quota para o diferimento do IBS estadual - pDifUF.;;Obrig.;Rej.;E1566;Valor do diferimento para o IBS estadual deve ser informado.;1;V;V;V;V;-;;;
104;;; O valor do diferimento para o IBS estadual deve ser igual ao valor total/IBSCBSTot/gIBSUF/vDif retornado pela Calculadora;;Obrig.;Rej.;E1567;Valor do diferimento para o IBS estadual incorreto.;1;V;V;V;V;"CALCULADORA
Margem de erro de R$ 0,01";;;
105;NFSe/infNFSe/IBSCBS/totCIBS/gIBS/gIBSUFTot/;vIBSUF; O valor total do IBS estadual deve ser igual ao valor total/IBSCBSTot/gIBSUF/vIBSUF retornado pela Calculadora;;Obrig.;Rej.;E1568;Valor total do IBS estadual incorreto.;1;V;V;V;V;"CALCULADORA
Margem de erro de R$ 0,01";;;
106;NFSe/infNFSe/IBSCBS/totCIBS/gIBS/;gIBSMunTot;-;;-;-;-;-;-;-;-;-;-;-;;;
107;NFSe/infNFSe/IBSCBS/totCIBS/gIBS/gIBSMunTot/;vDifMun;O valor do diferimento para o IBS municipal n∆o deve ser informado se n∆o foi informada, na DPS, a al°quota para o diferimento do IBS municipal - pDifMun.;;Obrig.;Rej.;E1569;Valor do diferimento para o IBS municipal n∆o deve ser informado.;1;V;V;V;V;-;;;
108;;;O valor do diferimento para o IBS municipal deve ser informado se foi informada, na DPS, a al°quota para o diferimento do IBS municipal - pDifMun.;;Obrig.;Rej.;E1570;Valor do diferimento para o IBS municipal deve ser informado.;1;V;V;V;V;-;;;
109;;; O valor do diferimento para o IBS municipal deve ser igual ao valor total/IBSCBSTot/gIBSMun/vDif retornado pela Calculadora;;Obrig.;Rej.;E1571;Valor do diferimento para o IBS municipal incorreto.;1;V;V;V;V;"CALCULADORA
Margem de erro de R$ 0,01";;;
110;NFSe/infNFSe/IBSCBS/totCIBS/gIBS/gIBSMunTot/;vIBSMun; O valor total do IBS municipal deve ser igual ao valor total/IBSCBSTot/gIBSMun/vIBSUF retornado pela Calculadora;;Obrig.;Rej.;E1572;Valor total do IBS municipal incorreto.;1;V;V;V;V;"CALCULADORA
Margem de erro de R$ 0,01";;;
111;NFSe/infNFSe/IBSCBS/totCIBS/;gCBS;-;;-;-;-;-;-;-;-;-;-;-;;;
112;NFSe/infNFSe/IBSCBS/totCIBS/gCBS/;gCBSCredPres;O grupo de crÇdito presumido para CBS n∆o deve ser informado se o c¢digo do crÇdito presumido - cCredPres n∆o foi informado na DPS.;;Obrig.;Rej.;E1575;Grupo crÇdito presumido para CBS n∆o deve ser informado.;1;V;V;V;V;-;;;
113;;;O grupo de crÇdito presumido para CBS deve ser informado se o c¢digo do crÇdito presumido - cCredPres tambÇm foi informado na DPS.;;Obrig.;Rej.;E1576;Grupo crÇdito presumido para CBS deve ser informado.;1;V;V;V;V;-;;;
114;NFSe/infNFSe/IBSCBS/totCIBS/gCBS/gCBSCredPres/;pCredPresCBS;-;;-;-;-;-;-;-;-;-;-;-;;;
115;NFSe/infNFSe/IBSCBS/totCIBS/gCBS/gCBSCredPres/;vCredPresCBS;-;;-;-;-;-;-;-;-;-;-;-;;;
116;NFSe/infNFSe/IBSCBS/totCIBS/gCBS/;vDifCBS;O valor do diferimento para a CBS n∆o deve ser informado se foi n∆o informada, na DPS, a al°quota para o diferimento da CBS - pDifCBS.;;Obrig.;Rej.;E1570;Valor do diferimento para a CBS n∆o deve ser informado.;1;V;V;V;V;-;;;
117;;;O valor do diferimento para a CBS deve ser informado se foi informada, na DPS, a al°quota para o diferimento da CBS - pDifCBS.;;Obrig.;Rej.;E1580;Valor do diferimento para a CBS deve ser informado.;1;V;V;V;V;-;;;
118;;; O valor do diferimento para a CBS deve ser igual ao valor total/IBSCBSTot/gCBS/vDif retornado pela Calculadora;;Obrig.;Rej.;E1581;Valor do diferimento para a CBS incorreto.;1;V;V;V;V;"CALCULADORA
Margem de erro de R$ 0,01";;;
119;NFSe/infNFSe/IBSCBS/totCIBS/gCBS/;vCBS; O valor total da CBS da Uni∆o deve ser igual ao valor total/IBSCBSTot/gCBS/vCBS retornado pela Calculadora;;Obrig.;Rej.;E1582;Valor total da CBS da Uni∆o incorreto.;1;V;V;V;V;CALCULADORA;;;
120;NFSe/infNFSe/IBSCBS/totCIBS/;gTribRegular; O grupo de tributaá∆o regular n∆o deve ser informado se o indicador para tributaá∆o regular (exigeGrupoTributacaoRegular) para o c¢digo da classificaá∆o tribut†ria - cClassTribIBSCBS for igual a false;;Obrig.;Rej.;E1583;Grupo de tributaá∆o regular n∆o deve ser informado para o cClassTribIBSCBS indicado.;1;V;V;V;V;CALCULADORA;;;
121;;; O grupo de tributaá∆o regular deve ser informado se o indicador para tributaá∆o regular (exigeGrupoTributacaoRegular) para o c¢digo da classificaá∆o tribut†ria - cClassTribIBSCBS for igual a true;;Obrig.;Rej.;E1584;Grupo de tributaá∆o regular deve ser informado para o cClassTribIBSCBS indicado.;1;V;V;V;V;"CALCULADORA
Margem de erro de R$ 0,01";;;
122;NFSe/infNFSe/IBSCBS/totCIBS/gTribRegular/;pAliqEfeRegIBSUF; A al°quota efetiva de tributaá∆o regular do IBS estadual deve ser igual ao valor IBSCBS/gIBSCBS/gTribRegular/pAliqEfetRegIBSUF retornado pela Calculadora;;Obrig.;Rej.;E1585;Al°quota efetiva de tributaá∆o regular do IBS estadual incorreta.;1;V;V;V;V;"CALCULADORA
Margem de erro de R$ 0,01";;;
123;NFSe/infNFSe/IBSCBS/totCIBS/gTribRegular/;vTribRegIBSUF; O valor da tributaá∆o regular do IBS estadual deve ser igual ao valor IBSCBS/gIBSCBS/gTribRegular/vTribRegIBSUF retornado pela Calculadora;;Obrig.;Rej.;E1586;Valor da tributaá∆o regular do IBS estadual incorreto.;1;V;V;V;V;"CALCULADORA
Margem de erro de R$ 0,01";;;
124;NFSe/infNFSe/IBSCBS/totCIBS/gTribRegular/;pAliqEfeRegIBSMun; A al°quota efetiva de tributaá∆o regular do IBS municipal deve ser igual ao valor IBSCBS/gIBSCBS/gTribRegular/pAliqEfetRegIBSMun retornado pela Calculadora;;Obrig.;Rej.;E1587;Al°quota efetiva de tributaá∆o regular do IBS municipal incorreta.;1;V;V;V;V;"CALCULADORA
Margem de erro de R$ 0,01";;;
125;NFSe/infNFSe/IBSCBS/totCIBS/gTribRegular/;vTribRegIBSMun; O valor da tributaá∆o regular do IBS municipal deve ser igual ao valor IBSCBS/gIBSCBS/gTribRegular/vTribRegIBSMun retornado pela Calculadora;;Obrig.;Rej.;E1588;Valor da tributaá∆o regular do IBS municipal incorreto.;1;V;V;V;V;"CALCULADORA
Margem de erro de R$ 0,01";;;
126;NFSe/infNFSe/IBSCBS/totCIBS/gTribRegular/;pAliqEfeRegCBS; A al°quota efetiva de tributaá∆o regular da CBS deve ser igual ao valor IBSCBS/gIBSCBS/gTribRegular/pAliqEfetRegCBS retornado pela Calculadora;;Obrig.;Rej.;E1589;Al°quota efetiva de tributaá∆o regular da CBS incorreta.;1;V;V;V;V;"CALCULADORA
Margem de erro de R$ 0,01";;;
127;NFSe/infNFSe/IBSCBS/totCIBS/gTribRegular/;vTribRegCBS; O valor da tributaá∆o regular da CBS deve ser igual ao valor IBSCBS/gIBSCBS/gTribRegular/vTribRegCBS retornado pela Calculadora;;Obrig.;Rej.;E1590;Valor da tributaá∆o regular da CBS incorreto.;1;V;V;V;V;"CALCULADORA
Margem de erro de R$ 0,01";;;
128;NFSe/infNFSe/IBSCBS/totCIBS/;gTribCompraGov;O grupo de tributaá∆o para compras governamentais n∆o deve ser informado para essas operaá‰es (tpEnteGov n∆o foi informado informado na DPS).;;Obrig.;Rej.;E1600;Grupo de compras governamentais n∆o deve ser informando quando o tpEnteGov n∆o foi informado na DPS.;1;V;V;V;V;-;;;
129;;;O grupo de tributaá∆o para compras governamentais deve ser informado para essas operaá‰es (tpEnteGov foi informado informado na DPS).;;Obrig.;Rej.;E1601;Grupo de compras governamentais deve ser informando quando o tpEnteGov n∆o foi informado na DPS.;1;V;V;V;V;-;;;
130;NFSe/infNFSe/IBSCBS/totCIBS/gTribCompraGov;pIBSUF; A al°quota do IBS de competància do Estado deve ser igual ao valor IBSCBS/gIBSCBS/gTribCompraGov/pAliqIBSUF retornado pela Calculadora;;Obrig.;Rej.;E1602;Al°quota do IBS de competància do Estado incorreta.;1;V;V;V;V;"CALCULADORA
Margem de erro de R$ 0,01";;;
131;NFSe/infNFSe/IBSCBS/totCIBS/gTribCompraGov;vIBSUF; O valor do Tributo do IBS da UF deve ser igual ao valor IBSCBS/gIBSCBS/gTribCompraGov/vTribIBSUF retornado pela Calculadora;;Obrig.;Rej.;E1603;Valor do Tributo do IBS da UF incorreto.;1;V;V;V;V;"CALCULADORA
Margem de erro de R$ 0,01";;;
132;NFSe/infNFSe/IBSCBS/totCIBS/gTribCompraGov;pIBSMun;" A al°quota do IBS de competància do
Munic°pio deve ser igual ao valor IBSCBS/gIBSCBS/gTribCompraGov/pAliqIBSMun retornado pela Calculadora";;Obrig.;Rej.;E1604;"Al°quota do IBS de competància do
Munic°pio incorreta.";1;V;V;V;V;"CALCULADORA
Margem de erro de R$ 0,01";;;
133;NFSe/infNFSe/IBSCBS/totCIBS/gTribCompraGov;vIBSMun; O valor do Tributo do IBS do Munic°pio deve ser igual ao valor IBSCBS/gIBSCBS/gTribCompraGov/vTribIBSMun retornado pela Calculadora;;Obrig.;Rej.;E1605;Valor do Tributo do IBS do Munic°pio incorreto.;1;V;V;V;V;"CALCULADORA
Margem de erro de R$ 0,01";;;
134;NFSe/infNFSe/IBSCBS/totCIBS/gTribCompraGov;pCBS; A al°quota da CBS deve ser igual ao valor IBSCBS/gIBSCBS/gTribCompraGov/pAliqCBS retornado pela Calculadora;;Obrig.;Rej.;E1606;Al°quota da CBS incorreta.;1;V;V;V;V;"CALCULADORA
Margem de erro de R$ 0,01";;;
135;NFSe/infNFSe/IBSCBS/totCIBS/gTribCompraGov;vCBS; O valor do Tributo da CBS deve ser igual ao valor IBSCBS/gIBSCBS/gTribCompraGov/vTribCBS retornado pela Calculadora;;Obrig.;Rej.;E1607;Valor do Tributo da CBS incorreto.;1;V;V;V;V;"CALCULADORA
Margem de erro de R$ 0,01";;;
136;NFSe/infNFSe/;DPS;-;;-;-;-;-;-;-;-;-;-;-;;;
137;NFSe/infNFSe/DPS/;versao;Prazo de aceitaá∆o da vers∆o do leiaute DPS ultrapassado.;;Obrig.;Rej.;E0001;O prazo de aceitaá∆o da vers∆o do leiaute da DPS expirou.;1;V;V;V;V;-;;;
138;NFSe/infNFSe/DPS/;infDPS;-;;-;-;-;-;-;-;-;-;-;-;;;
139;NFSe/infNFSe/DPS/infDPS/;id;"O identificador da DPS Ç formado conforme a concatenaá∆o dos seguintes campos:
""DPS"" + C¢d.Mun.Emi. + Tipo de Inscriá∆o Federal + Inscriá∆o Federal + SÇrie DPS + N£m. DPS

Campo identificador da DPS inv†lido.
Identificador da DPS difere da concatenaá∆o dos campos correspondentes.
""DPS"" + C¢d.Mun.Emi. + Tipo de Inscriá∆o Federal + Inscriá∆o Federal + SÇrie DPS + N£m. DPS 

Verificar se tipo de inscriá∆o e inscriá∆o, informados no identificador da DPS, est∆o corretamente correspondidos conforme o seguinte:

Tipo de inscriá∆o Federal = 1 / Inscriá∆o Federal = CPF emitente da DPS;
Tipo de inscriá∆o Federal = 2 / Inscriá∆o Federal = CNPJ emitente da DPS;

C¢d.Mun.Emi. Ç o c¢digo do munic°pio do endereáo do emitente da DPS.";;Obrig.;Rej.;E0004;Conte£do do identificador informado na DPS difere da concatenaá∆o dos campos correspondentes.;1;V;V;V;V;-;;;
140;NFSe/infNFSe/DPS/infDPS/;tpAmb;Ambiente informado diverge do ambiente de recebimento para o qual o emitente enviou a DPS.;;Obrig.;Rej.;E0006;Ambiente informado diverge do ambiente de recebimento para o qual o emitente enviou a DPS.;1;V;V;V;V;-;;;
141;NFSe/infNFSe/DPS/infDPS/;dhEmi;A data de emiss∆o da DPS deve ser anterior ou igual Ö data e hora do seu processamento (dhProc) pelo Sistema Nacional NFS-e.;;Obrig.;Rej.;E0008;A data e hora de emiss∆o da DPS deve ser anterior ou igual Ö data do seu processamento (dhProc) pelo Sistema Nacional NFS-e.;1;V;V;V;V;-;;;
142;;;A data de compartilhamento do DF-e n∆o pode ser posterior Ö h† mais de 6 anos de sua emiss∆o.;;Obrig.;Rej.;E1294;Prazo para entrega da DF-e excedido.;1;X;X;V;X;-;;;
143;NFSe/infNFSe/DPS/infDPS/;verAplic;-;;-;-;-;-;-;-;-;-;-;-;;;
144;NFSe/infNFSe/DPS/infDPS/;serie;A sÇrie informada na DPS n∆o pertence Ö faixa definida para o tipo de emissor utilizado para a sua emiss∆o.;;Obrig.;Rej.;E0010;A sÇrie informada na DPS n∆o pertence Ö faixa definida para o tipo de emissor utilizado para a sua emiss∆o.;1;V;V;X;X;"Faixas de utilizaá∆o da sÇrie da DPS:

00001 a 49999 - Emiss∆o com aplicativo p?oprio;
50000 a 69999 - Emissor M¢vel;
70000 a 79999 - Emissor Web;
80000 a 89999 - Emiss∆o com *transcriss∆o manual (Web);

*O emitente deve informar o n£mero de sÇrie (transcrever o n£mero de sÇrie) que foi repassado ao n∆o emitente da NFS-e.";;;
145;;;Conjunto de SÇrie, N£mero, C¢digo do Munic°pio Emissor e CNPJ/CPF informado nesta DPS j† existe em uma NFS-e gerada a partir de uma DPS enviada anteriormente.;;Obrig.;Rej.;E0014;Conjunto de SÇrie, N£mero, C¢digo do Munic°pio Emissor e CNPJ/CPF informado nesta DPS j† existe em uma NFS-e gerada a partir de uma DPS enviada anteriormente.;1;V;V;V;V;-;;;
146;NFSe/infNFSe/DPS/infDPS/;nDPS;;;;;;;;;;;;;;;
147;NFSe/infNFSe/DPS/infDPS/;dCompet;A data de competància informada na DPS deve ser anterior ou igual Ö data de emiss∆o (dhEmi) da DPS.;;Obrig.;Rej.;E0015;A data de competància informada na DPS n∆o pode ser posterior Ö data de emiss∆o (dhEmi) da DPS.;1;V;V;V;V;-;;;
148;;;"A data de competància deve ser igual ou posterior Ö data de ativaá∆o do convànio do munic°pio emissor informado na DPS.

Exceto quando o emitente da DPS for MEI (opSimpNac = 2) na data de competància da emiss∆o da NFS-e.";;Obrig.;Rej.;E0016;A data de competància deve ser igual ou posterior Ö data de ativaá∆o do convànio do munic°pio emissor informado na DPS, exceto quando o emitente for MEI na data de competância informada.;1;V;V;X;X;"Regras idànticas mas aplicadas em sistemas diferentes. 
A primeira Ç realizada apenas na Sefin e 
a segunda Ç realizada apena no ADN.";;;
149;;;"A data de competància deve ser igual ou posterior Ö data de ativaá∆o do convànio do munic°pio emissor informado na DPS.
A situaá∆o do convàncio do munic°pio emissor informado na DPS deve ser ATIVO.";;Obrig.;Rej.;E1270;A data de competància deve ser igual ou posterior Ö data de ativaá∆o do convànio do munic°pio emissor informado na DPS.;1;X;X;V;V;;;;
150;;;A data de competància informada na DPS deve ser igual ou posterior Ö data de inscriá∆o do CNPJ do emitente.;;Obrig.;Rej.;E0018;A data de competància informada na DPS deve ser igual ou posterior Ö data de inscriá∆o do CNPJ do emitente no cadastro CNPJ.;1;V;V;V;V;-;;;
151;;;A data de competància informada na DPS deve ser igual ou posterior Ö data de inscriá∆o do CPF do emitente.;;Obrig.;Rej.;E0020;A data de competància informada na DPS deve ser igual ou posterior Ö data de inscriá∆o do CPF do emitente no cadastro CPF.;1;V;V;V;V;-;;;
152;;;"Se houver registro complementar do contribuinte (CNPJ ou CPF + IM do emitente da DPS), com situaá∆o ""Ativo"", no CNC do munic°pio correspondente ao munic°pio emissor da DPS (cLocEmi), a data de competància informada na DPS deve ser igual ou posterior Ö data do indicador municipal.";;Obrig.;Rej.;E0023;A data de competància informada na DPS deve ser igual ou posterior Ö data do indicador municipal, registrada no CNC do munic°pio correspondente ao munic°pio emissor da DPS (cLocEmi).;1;V;X;X;X;-;;;
153;;;"Se houver registro complementar do contribuinte (CNPJ ou CPF + IM do emitente da DPS), com situaá∆o ""Ativo"", no CNC do munic°pio correspondente ao munic°pio emissor da DPS (cLocEmi), a data de competància informada na DPS deve ser igual ou posterior Ö data de autorizasá∆o de uso do emissores para o contribuinte pelo munic°pio emissor (cLocEmi).";;Obrig.;Rej.;E0025;A data de competància informada na DPS deve ser igual ou posterior Ö data autorizasá∆o de uso do emissores, registrada no CNC do munic°pio correspondente ao munic°pio emissor da DPS (cLocEmi) para o contribuinte.;1;V;X;X;X;-;;;
154;NFSe/infNFSe/DPS/infDPS/;tpEmit;Se a DPS for emitida pelo tomador ou intermendi†rio (tpEmit = 2 ou 3), ent∆o a DPS deve ser rejeitada pelo sistema.;;Obrig.;Rej.;E9996;Nesta vers∆o da aplicaá∆o, n∆o Ç permitida a emiss∆o de NFS-e pelo tomador ou intermedi†rio.;1;V;V;V;V;-;;;
155;NFSe/infNFSe/DPS/infDPS/;cMotivoEmisTI;Se o emitente for o prestador de serviáo (tpEmit = 1), ent∆o este campo n∆o deve ser preenchido.;;Obrig.;Rej.;E0029;O motivo da emiss∆o n∆o pode ser preenchido se o emitente for o prestador de serviáo.;1;V;V;V;V;-;;;
156;;;Para o tomador emitente da DPS, estabelecido em munic°pio diferente do munic°pio de incidància do ISSQN, ent∆o n∆o pode haver retená∆o (tpRetISSQN tem que ser igual a 1).;;Obrig.;Rej.;E0031;N∆o pode haver retená∆o do ISSQN pelo tomador quando o munic°pio de incidància n∆o for o do tomador.;2;X;X;X;X;-;;;
157;;;Para o intermedi†rio emitente da DPS, estabelecido em munic°pio diferente do munic°pio de incidància do ISSQN, ent∆o n∆o pode haver retená∆o (tpRetISSQN tem que ser igual a 1).;;Obrig.;Rej.;E0032;N∆o pode haver retená∆o do ISSQN pelo intermedi†rio quando o munic°pio de incidància n∆o for o do intermedi†rio.;2;X;X;X;X;-;;;
158;NFSe/infNFSe/DPS/infDPS/;chNFSeRej;Somente Ç permitido o preencimento deste campo se o emitente da DPS for o Tomador ou Intermedi†rio (tpEmit igual a 2 ou 3) e o motivo da emiss∆o for a rejeiá∆o de NFS-e emitida pelo Prestador (cMotivoEmisTI igual a 4).;;Obrig.;Rej.;E0034;Somente Ç permitido o preenchimento do campo de chave de acesso de NFS-e rejeitada se o tipo de emitente for Tomador ou Intermedi†rio e o motivo da emissao for por rejeiá∆o de NFS-e emitida pelo prestador.;1;X;X;X;X;-;;;
159;;;Verificar se a NFS-e informada possui Evento de Manifestaá∆o de Rejeiá∆o de NFS-e do Tomador ou Intermediario cujo autor do evento seja o mesmo emitente (Tomador ou Intermedi†rio) desta DPS.;;Obrig.;Rej.;E0035;A chave de acesso de NFS-e informada nesta DPS n∆o possui a ela vinculada o evento de manifestaá∆o de rejeiá∆o emitido pelo mesmo emitente desta DPS.;1;X;X;X;X;-;;;
160;NFSe/infNFSe/DPS/infDPS/;cLocEmi;"O c¢digo do munic°pio emissor informado na DPS deve existir no cadastro de convànio municipal do sistema nacional.

Exceto quando o emitente da DPS for MEI na data de competància da emiss∆o da NFS-e.";;Obrig.;Rej.;E0037;O c¢digo do munic°pio emissor informado na DPS Ç inexistente no cadastro de convànio municipal do sistema nacional.;1;V;V;X;X;-;;;
161;;;"A situaá∆o do convànio do munic°pio emissor informado na DPS deve ser ""ATIVO"" no cadastro de convànio municipal do sistema nacional.

Exceto quando o emitente da DPS for MEI na data de competància da emiss∆o da NFS-e.";;Obrig.;Rej.;E0038;"A situaá∆o do convànio do munic°pio emissor informado na DPS deve ser ""ATIVO"" no cadastro de convànio municipal do sistema nacional.";1;V;V;X;X;-;;;
162;;;"O munic°pio emissor informado na DPS deve estar parametrizado para utilizar os emissores p£blicos nacionais, conforme parametrizaá∆o do munic°pio no Sistema Nacional NFS-e.

Exceto quando o emitente da DPS for MEI na data de competància da emiss∆o da NFS-e.";;Obrig.;Rej.;E0039;O munic°pio emissor informado na DPS deve estar parametrizado para utilizar os emissores p£blicos nacionais, conforme parametrizaá∆o do munic°pio no Sistema Nacional NFS-e.;1;V;V;X;X;-;;;
163;;;"Se tpEmit for igual a 1 (prestador) e a opá∆o pelo simples nacional for igual a 2 (MEI), 
ent∆o o munic°pio emissor deve corresponder ao munic°pio do endereáo do emitente no cadastro CNPJ.";;Obrig.;Rej.;E0041;O munic°pio emissor n∆o corresponde ao munic°pio do emitente MEI no CNPJ.;1;V;V;X;X;-;;;
164;;;Verificar se o c¢digo do munic°pio emissor da NFS-e existe, conforme TAB.MUN_IBGE do ANEXO_A-MUNICIPIO_IBGE-PAISES_ISO2-SNNFSe, e corresponde ao mesmo munic°pio que est† compartilhando a NFS-e.;;Obrig.;Rej.;E1304;O c¢digo do munic°pio emissor da NFS-e n∆o existe conforme tabela do IBGE ou difere do c¢digo do municipio que est† compartilhando o documento com o ADN do Sistema Nacional NFS-e.;1;X;X;V;V;-;;;
165;;;O c¢digo do munic°pio informado deve existir e estar ativo no cadastro de convànio municipal na data de processamento do compartilhamento com o ADN.;;Obrig.;Rej.;E1272;O c¢digo do munic°pio informado n∆o existe ou n∆o est† ativo no convànio municipal na data de processamento de compartilhamento com o ADN.;1;X;X;V;V;Compartilhamento e Distribuiá∆o devem serguir esta regra;;;
166;NFSe/infNFSe/DPS/infDPS/;subst;-;;-;-;-;-;-;-;-;-;-;-;;;
167;NFSe/infNFSe/DPS/infDPS/subst;chSubstda;"Chave de NFS-e a ser substitu°da Ç inv†lida.

1 - Verificar DV da chave de NFS-e a ser substitu°da informada nesta DPS;
2 - Verificar a correspondància exata dos campos (C¢d.Mun. / Tipo de Inscriá∆o / Inscriá∆o) da chave de NFS-e a ser substitu°da informada e o id desta DPS;";;Obrig.;Rej.;E0042;Chave de NFS-e a ser substitu°da Ç inv†lida.;1;V;V;V;V;-;;;
168;;;NFS-e inexistente.;;Obrig.;Rej.;E0044;NFS-e n∆o existe na base de dados do autorizador de NFS-e nacional. Informe uma chave de NFS-e existente.;1;V;V;V;V;-;;;
169;;;NFS-e cancelada n∆o pode ser substitu°da.;;Obrig.;Rej.;E0046;Uma NFS-e cancelada n∆o pode ser substitu°da. Informe uma chave de NFS-e n∆o cancelada anteriormente.;1;V;V;V;V;-;;;
170;;;N∆o poder† ocorrer a substituiá∆o de NFS-e fora do prazo permitido, conforme parametrizaá∆o do munic°pio emissor da NFS-e, exceto quando a justificativa para substituiá∆o de NFS-e for Desenquadramento ou Enquadramento de NFS-e no Simples Nacional (cMotivo = 1 ou 2).;;Obrig.;Rej.;E0050;Uma NFS-e n∆o pode ser substitu°da fora do prazo estabelecido pelo munic°pio emissor da NFS-e.;3;V;X;X;X;-;;;
171;;;N∆o poder† ocorrer a substituiá∆o de NFS-e que n∆o contenha identificaá∆o do tomador, conforme parametrizaá∆o do munic°pio emissor da NFS-e.;;Obrig.;Rej.;E0056;NFS-e n∆o pode ser substitu°da pois n∆o possui identificaá∆o do tomador.;3;V;X;X;X;-;;;
172;;;N∆o poder† ocorrer a substituiá∆o de NFS-e com alteraá∆o da identificaá∆o do n∆o emitente, conforme parametrizaá∆o do munic°pio emissor da NFS-e.;;Obrig.;Rej.;E0058;N∆o poder† ocorrer a substituiá∆o de NFS-e com alteraá∆o da identificaá∆o do n∆o emitente, conforme parametrizaá∆o do munic°pio emissor da NFS-e.;3;V;X;X;X;-;;;
173;;;Os campos data de competància, subitem da lista nacional de serviáos, c¢digo complementar municipal e local da prestaá∆o n∆o podem ser alterados quando a opá∆o do simples nacional for N∆o Optante (opSimpNac = 1).;;Obrig.;Rej.;E0060;Os campos data de competància, subitem da lista nacional de serviáos, c¢digo complementar municipal e local da prestaá∆o n∆o podem ser alterados quando a opá∆o do simples nacional for N∆o Optante (opSimpNac = 1).;2;V;X;X;X;-;;;
174;;;Os campos identificaá∆o do Tomador (se identificado na DPS), data de competància (dCompet), e valor do serviáo (vServ), n∆o podem ser alterados quando a opá∆o do simples nacional for MEI (opSimpNac = 2) ou ME/EPP (opSimpNac = 3).;;Obrig.;Rej.;E0061;Os campos identificaá∆o do Tomador (se identificado na DPS), data de competància (dCompet), e valor do serviáo (vServ), n∆o podem ser alterados quando a opá∆o do simples nacional for MEI (opSimpNac = 2) ou ME/EPP (opSimpNac = 3).;2;V;X;X;X;-;;;
175;;;N∆o poder† ocorrer a substituiá∆o de NFS-e que tenha sido gerada em ambientes geradores difentes.;;Obrig.;Rej.;E0065;N∆o Ç poss°vel substituiá∆o da NFS-e que tenha sido gerada em ambientes geradores diferentes.;1;V;V;V;V;-;;;
176;;;N∆o Ç poss°vel a substituiá∆o desta NFS-e pois a mesma possui registro de Evento de Solicitaá∆o de An†lise Fiscal para Cancelamento de NFS-e aguardando resposta.;;Obrig.;Rej.;E0068;N∆o Ç poss°vel a substituiá∆o desta NFS-e pois a mesma possui registro de Evento de Solicitaá∆o de An†lise Fiscal para Cancelamento de NFS-e aguardando resposta. Para mais informaá‰es, consultar a Administraá∆o Tribut†ria Municipal do munic°pio emissor da NFS-e.;1;V;V;V;V;-;;;
177;;;N∆o poder† ocorrer a substituiá∆o de NFS-e que tenha registro de Evento de Manifestaá∆o de Confirmaá∆o da NFS-e.;;Obrig.;Rej.;E0070;N∆o Ç poss°vel a substituiá∆o desta NFS-e pois j† ocorreu uma manifestaá∆o de confirmaá∆o de serviáo. Para mais informaá‰es, consultar a Administraá∆o Tribut†ria Municipal do munic°pio emissor da NFS-e.;2;V;X;X;X;-;;;
178;;;N∆o poder† ocorrer a substituiá∆o de NFS-e que tenha registro de Evento de Manifestaá∆o de Confirmaá∆o T†cita da NFS-e.;;Obrig.;Rej.;E0072;N∆o Ç poss°vel a substituiá∆o desta NFS-e pois j† ocorreu uma manifestaá∆o t†cita da NFS-e. Para mais informaá‰es, consultar a Administraá∆o Tribut†ria Municipal do munic°pio emissor da NFS-e.;2;V;X;V;X;-;;;
179;;;N∆o Ç permitido realizar a substituiá∆o para NFS-e que possua Evento de Tributos Recolhidos vinculado, conforme parametrizaá∆o do munic°pio de incidància do ISSQN.;;Obrig.;Rej.;E0074;N∆o Ç permitido realizar a substituiá∆o para NFS-e que possua Evento de Tributos Recolhidos vinculado, conforme parametrizaá∆o do munic°pio de incidància do ISSQN. Para mais informaá‰es, consultar a Administraá∆o Tribut†ria Municipal do munic°pio emissor da NFS-e.;3;V;X;X;X;Aguarda para Implementar no Contexto do MAN.;;;
180;;;N∆o Ç permitido realizar a substituiá∆o para NFS-e que possua Evento de Bloqueio de Of°cio para o Evento de Cancelamento de NFS-e por Substituiá∆o vigente.;;Obrig.;Rej.;E0076;N∆o Ç permitido realizar a substituiá∆o para NFS-e que possua Evento de Bloqueio de Of°cio para o Evento de Cancelamento de NFS-e por Substituiá∆o vigente.;1;V;V;V;V;-;;;
181;;;"Uma NFS-e substituta n∆o pode ser compartilhada com o ADN pelo munic°pio conveniado antes que o cancelamento por sustituiá∆o de NFS-e da nota a ser substitu°da tenha sido compartilhada anteriormente.

Obs: Verificar se j† houve o compartilhamento com o ADN do cancelamento por substituiá∆o de NFS-e, quando uma NFS-e que est† sendo compartilhada possuir uma chave de NFS-e v†lida informada no leiaute. ";;Obrig.;Rej.;E1308;NFS-e a ser substitu°da n∆o possui um evento de Cancelamento por substituiá∆o compartilhado com o ADN e por isso n∆o pode ser substitu°da.;1;X;X;V;V;-;;;
182;;;"Uma NFS-e substituta n∆o pode ser compartilhada com o ADN pelo munic°pio conveniado antes que o evento de cancelamento por sustituiá∆o de NFS-e, compartilhado anteriormente, contenha a referància ao identificador da NFS-e substituta que est† sendo conpartilhada.

Obs: 
Obs: Verificar se o identificador da NFS-e substituta corresponde Ö chave de acesso informada no campo evento/pedRegEvento/infPedReg/e105102/chSubstituta do evento de cancelamento por sustituiá∆o da NFS-e substitu°da;";;Obrig.;Rej.;E1310;O identificador desta NFS-e substituta n∆o est† referenciado no evento de Cancelamento por substituiá∆o da NFS-e substitu°da.;1;X;X;V;V;-;;;
183;NFSe/infNFSe/DPS/infDPS/subst;cMotivo;-;;-;-;-;-;-;-;-;-;-;-;;;
184;NFSe/infNFSe/DPS/infDPS/subst;xMotivo;Quando o campo cMotivo = 99, o campo xMotivo deve informado obrigatoriamente.;;Obrig.;Rej.;E0078;Quando o campo cMotivo = 99, o campo xMotivo deve informado obrigatoriamente.;1;V;X;V;X;-;;;
185;NFSe/infNFSe/DPS/infDPS/;prest;-;;-;-;-;-;-;V;-;-;-;-;;;
186;NFSe/infNFSe/DPS/infDPS/prest/;CNPJ;CNPJ informado na DPS Ç inv†lido (verificar DV).;;Obrig.;Rej.;E0080;CNPJ do prestador informado na DPS Ç inv†lido.;1;V;V;V;V;-;;;
187;;;CNPJ do prestador n∆o existe no cadastro CNPJ na data de competància informada na DPS.;;Obrig.;Rej.;E0082;CNPJ do emitente prestador n∆o encontrado no cadastro CNPJ na data de competància.;2;V;V;X;X;-;;;
188;;;"Para este CNPJ, se o emitente for o prestador de serviáo (tpEmit = 1), na data de competància informada na DPS, o munic°pio emissor deve corresponder:
1) ao munic°pio do endereáo registrado no cadastro CNPJ, se a situaá∆o padr∆o para emiss∆o dos contribuintes, com endereáo no munic°pio, do cadastro CNPJ da RFB for habilitada ou;
2) ao munic°pio do endereáo registrado no cadastro nacional complementar NFS-e. (cLocEmi + CNPJ + IM informados na DPS para o prestador devem existir no CNC NFS-e);

Exceto quando o emitente da DPS for MEI (opSimpNac = 2) na data de competància da emiss∆o da NFS-e.";;Obrig.;Rej.;E0084;CNPJ do emitente prestador n∆o possui estabelecimento ou domic°lio em um munic°pio correspondente ao munic°pio emissor, na data de competància informada na DPS, conforme cadastros CNPJ e CNC NFS-e.;2;V;X;X;X;-;;;
189;NFSe/infNFSe/DPS/infDPS/prest/;CPF;CPF informado na DPS Ç inv†lido (verificar DV).;;Obrig.;Rej.;E0096;CPF do prestador informado na DPS Ç inv†lido.;1;V;V;V;V;-;;;
190;;;CPF do prestador n∆o existe no cadastro CPF na data de competància informada na DPS.;;Obrig.;Rej.;E0098;CPF do emitente prestador n∆o encontrado no cadastro CPF na data de competància.;2;V;V;X;X;-;;;
191;;;"Para este CPF, se o emitente for o prestador de serviáo (tpEmit = 1), na data de competància informada na DPS, o munic°pio emissor deve corresponder ao munic°pio do endereáo registrado no cadastro nacional complementar NFS-e. (cLocEmi + CPF + IM informados na DPS para o prestador devem existir no CNC NFS-e);";;Obrig.;Rej.;E0099;CPF do emitente prestador n∆o possui estabelecimento ou domic°lio em um munic°pio correspondente ao munic°pio emissor, na data de competància informada na DPS, conforme  cadastro nacional complementar NFS-e (cLocEmi + CPF + IM informados na DPS para o prestador devem existir no CNC NFS-e).;2;V;X;X;X;-;;;
192;NFSe/infNFSe/DPS/infDPS/prest/;NIF;Se o campo tpEmit for °gual a 1, ent∆o NIF do prestador n∆o pode ser informado.;;Obrig.;Rej.;E0112;O prestador de serviáo, quando emitente da DPS, n∆o pode ser identificado pelo NIF.;1;V;X;V;X;-;;;
193;;;Se o grupo de informaá‰es de endereáo no exterior do prestador de serviáos foi informado ent∆o o NIF ou cNaoNIF do prestador deve ser informado.;;Obrig.;Rej.;E0113;O NIF ou cNaoNIF do prestador deve ser informado quando o grupo de informaá‰es de endereáo no exterior do prestador de serviáos foi informado.;1;V;X;V;X;-;;;
194;NFSe/infNFSe/DPS/infDPS/prest/;cNaoNIF;;;;Rej.;;;;;;;;;;;
195;;;Se o campo tpEmit for °gual a 1, ent∆o cNaoNIF do prestador n∆o pode ser informado.;;Obrig.;Rej.;E0114;O prestador de serviáo, quando emitente da DPS, somente pode ser identificado pelo CNPJ ou CPF.;1;V;X;V;X;-;;;
196;;;Se o valor do campo cNaoNIF do prestador, informado na DPS, for 0, ent∆o a DPS deve ser rejeitada.;;Obrig.;Rej.;E0115;Valor 0 para o motivo da n∆o informaá∆o do NIF do prestador n∆o Ç permitido na Sefin do Sistema Nacional NFS-e.;1;V;X;V;X;-;;;
197;NFSe/infNFSe/DPS/infDPS/prest/;CAEPF;-;;-;-;-;-;-;-;-;-;-;-;;;
198;NFSe/infNFSe/DPS/infDPS/prest/;IM;"Se o emitente for o prestador de serviáo (tpEmit = 1) e, se houver registro complementar do contribuinte no CNC do munic°pio correspondente ao munic°pio emissor da DPS, ent∆o a IM deve ser informada na DPS.

Utilizar o identificador federal (CNPJ ou CPF) do prestador de serviáo e o codigo do munic°pio emissor (cLocEmi), ambos informados na DPS, para identificar as ocorràncias no CNC NFS-e. Se houver pelo menos uma ocorrància, ent∆o o emitente da DPS deve informar o IM correspondente registrado no CNC NFS-e, que identifique unicamente o registro complementar.

Exceto quando o emitente da DPS for MEI na data de competància da emiss∆o da NFS-e.";;Obrig.;Rej.;E0116;A IM deve ser informada para o emitente prestador do serviáo na DPS, conforme informaá‰es complementares registradas no CNC NFS-e do munic°pio emissor informado na DPS.;2;V;X;X;X;-;;;
199;;;"Se o emitente for o prestador de serviáo (tpEmit = 1) e se houver registro complementar do contribuinte no CNC do munic°pio correspondente ao munic°pio emissor da DPS, verificar se o IM informado est† autorizado a emitir NFS-e na data de processamento desta DPS,.

Utilizar o identificador federal (CNPJ ou CPF) do prestador de serviáo, o codigo do munic°pio emissor (cLocEmi) e o IM,  informados na DPS, para identificar o registro complementar no CNC NFS-e.

Exceto quando o emitente da DPS for MEI na data de competància da emiss∆o da NFS-e.";;Obrig.;Rej.;E0119;IM do emitente prestador n∆o est† autorizado a emitir NFS-e, conforme informaá‰es complementares registradas no CNC NFS-e do munic°pio emissor informado na DPS.;2;V;X;X;X;-;;;
200;;;"Se o emitente for o prestador de serviáo (tpEmit = 1) e, se n∆o houver registro complementar do contribuinte no CNC do munic°pio correspondente ao munic°pio emissor da DPS, ent∆o o IM n∆o deve ser informado na DPS.

Utilizar o identificador federal (CNPJ ou CPF) do prestador de serviáo, o codigo do munic°pio emissor (cLocEmi),  informados na DPS, para identificar o registro complementar no CNC NFS-e.";;Obrig.;Rej.;E0120;IM do prestador n∆o deve ser informado, pois n∆o existem informaá‰es complementares registradas no CNC NFS-e do munic°pio emissor informado na DPS.;2;V;X;X;X;-;;;
201;;;"Para o emitente prestador de serviáo (tpEmit = 1), verificar se o IM informado nesta DPS est† Inativo (cStat) no CNC do munic°pio emissor na data de competància informada.

Utilizar o identificador federal (CNPJ ou CPF) do prestador de serviáo, o codigo do munic°pio emissor (cLocEmi) e o IM,  informados na DPS, para identificar o registro complementar no CNC NFS-e.
 
Se todos os registros complementares estiverem inativos, utilizar as informaá‰es dos cadastros RFB (CNPJ ou CPF), conforme identificador federal utilizado para identificar o emitente da DPS.";;Obrig.;Rej.;E0124;O IM informado est† inativo no CNC NFS-e do munic°pio emissor para a data de competància informada na DPS. ;2;V;X;X;X;-;;;
202;NFSe/infNFSe/DPS/infDPS/prest/;xNome;Se o emitente da DPS for o prestador de serviáo (tpEmit for igual a 1), ent∆o o nome ou raz∆o social n∆o deve ser informado.;;Obrig.;Rej.;E0121;O nome ou raz∆o social do prestador n∆o deve ser informado quando o emitente da DPS for o pr¢prio prestador.;2;V;X;V;X;-;;;
203;;;Se o emitente da DPS n∆o for o prestador de serviáo (tpEmit for igual a 2 ou 3), ent∆o o nome ou raz∆o social deve ser informado.;;Obrig.;Rej.;E0122;O nome ou raz∆o social do prestador deve ser informado quando o emitente da DPS n∆o for o pr¢prio prestador.;2;V;X;V;X;-;;;
204;;;Se NIF do prestador for preenchido ent∆o o campo xNome deve ser preenchido obrigatoriamente.;;Obrig.;Rej.;E0123;O preenchimento do nome empresarial Ç obrigat¢rio quando o prestador for identificado com NIF.;1;V;X;V;X;-;;;
205;NFSe/infNFSe/DPS/infDPS/prest/;end;Se o emitente da DPS for o tomador ou intermedi†rio (tpEmit = 2 ou 3) o grupo de informaá‰es do endereáo do prestador de serviáo deve ser informado na DPS obrigatoriamente.;;Obrig.;Rej.;E0129;O endereáo do prestador deve ser informado na DPS quando o prestador n∆o for o emitente da DPS.;1;V;X;V;X;-;;;
206;;;Se o emitente da DPS Ç o prestador do serviáo (tpEmit = 1), ent∆o o grupo de informaá‰es do endereáo do prestador de serviáo n∆o deve ser informado na DPS.;;Obrig.;Rej.;E0128;O endereáo do prestador do serviáo n∆o deve ser informado na DPS quando o pr¢prio prestador for o emitente da DPS.;1;V;X;V;X;-;;;
207;NFSe/infNFSe/DPS/infDPS/prest/;endNac;Se o CNPJ ou CPF do prestador de serviáo foi informado e o emitente da DPS for o prestador (tpEmit = 2 ou 3), ent∆o o grupo de informaá‰es de endereáo nacional do prestador do serviáo deve ser informado obrigatoriamente.;;Obrig.;Rej.;E0125;O endereáo nacional do prestador do serviáo deve ser informado na DPS quando for identificado pelo CNPJ ou CPF e o emitente da DPS for o tomador ou intermedi†rio.;1;V;X;V;X;-;;;
208;NFSe/infNFSe/DPS/infDPS/prest/end/endNac/;cMun;O c¢digo do munic°pio para o endereáo do prestador do serviáo n∆o existe, conforme TAB.MUN_IBGE do ANEXO_A-MUNICIPIO_IBGE-PAISES_ISO2-SNNFSe.;;Obrig.;Rej.;E0130;O c¢digo do munic°pio para o endereáo do prestador do serviáo n∆o existe conforme tabela de munic°pio do IBGE.;1;V;X;V;X;-;;;
209;;;Quando o endereáo nacional do prestador for informado na DPS e o mesmo for identificado pelo CNPJ, o c¢digo do munic°pio do endereáo do prestador, deve existir e corresponder ao munic°pio do seu endereáo no cadastro CNPJ ou do endereáo registrado em suas informaá‰es complementares no CNC NFS-e, na data de competància informada na DPS.;;Obrig.;Rej.;E0132;O c¢digo do munic°pio informado na DPS para o endereáo do prestador do serviáo, identificado pelo CNPJ, n∆o corresponde ao munic°pio registrado em seus cadastros na data de competància informada na DPS.;2;V;X;X;X;-;;;
210;;;Quando o endereáo nacional do prestador for informado na DPS e o mesmo for identificado pelo CPF, o c¢digo do munic°pio do endereáo do prestador, deve existir e corresponder ao munic°pio do seu endereáo no cadastro CPF ou do endereáo registrado em suas informaá‰es complementares no CNC NFS-e, na data de competància informada na DPS.;;Obrig.;Rej.;E0134;O c¢digo do munic°pio informado na DPS para o endereáo do prestador do serviáo, identificado pelo CPF, n∆o corresponde ao munic°pio registrado em seus cadastros na data de competància informada na DPS.;2;V;X;X;X;-;;;
211;NFSe/infNFSe/DPS/infDPS/prest/end/endNac/;CEP;O CEP informado deve existir e pertencer ao munic°pio correspondente ao c¢digo do munic°pio informado para o endereáo do prestador do serviáo.;;Obrig.;Rej.;E0138;O CEP informado para o endereáo nacional do prestador do serviáo n∆o existente ou n∆o pertence ao munic°pio informado na DPS. Informe um CEP existente e que pertenáa ao munic°pio informado para o endereáo do prestador do serviáo na DPS.;1;V;X;V;X;-;;;
212;NFSe/infNFSe/DPS/infDPS/prest/end/;endExt;Se o NIF do prestador de serviáo foi informado e o emitente da DPS, tomador ou intermedirio (tpEmit = 2 ou 3), for identificado por CNPJ, ent∆o o grupo de informaá‰es de endereáo no exterior do prestador do serviáo deve ser informado obrigatoriamente.;;Obrig.;Rej.;E0142;O grupo de informaá‰es de endereáo no exterior deve ser informado obrigatoriamente quando o prestador for identificado pelo NIF e o emitente por CNPJ.;1;V;X;V;X;-;;;
213;NFSe/infNFSe/DPS/infDPS/prest/end/endExt/;cPais;O c¢digo de pa°s informado para o endereáo no exterior do prestador do serviáo deve existir e ser diferente de Brasil (BR), conforme a tabela ISO2.;;Obrig.;Rej.;E0146;O c¢digo de pa°s informado para o endereáo no exterior do prestador do serviáo n∆o existe ou Ç igual ao c¢digo do Brasil. Informe um c¢digo de pa°s existente e diferente do codigo do Brasil (BR) para o endereáo no exterior do prestador do serviáo, conforme tabela de pa°s do ANEXO_A-MUNICIPIO_IBGE-PAISES_ISO2-SNNFSe-ESPEC.;1;V;X;V;X;-;;;
214;NFSe/infNFSe/DPS/infDPS/prest/end/endExt/;cEndPost;-;;-;-;-;-;-;-;-;-;-;-;;;
215;NFSe/infNFSe/DPS/infDPS/prest/end/endExt/;xCidade;-;;-;-;-;-;-;-;-;-;-;-;;;
216;NFSe/infNFSe/DPS/infDPS/prest/end/endExt/;xEstProvReg;-;;-;-;-;-;-;-;-;-;-;-;;;
217;NFSe/infNFSe/DPS/infDPS/prest/end/;xLgr;-;;-;-;-;-;-;-;-;-;-;-;;;
218;NFSe/infNFSe/DPS/infDPS/prest/end/;nro;-;;-;-;-;-;-;-;-;-;-;-;;;
219;NFSe/infNFSe/DPS/infDPS/prest/end/;xCpl;-;;-;-;-;-;-;-;-;-;-;-;;;
220;NFSe/infNFSe/DPS/infDPS/prest/end/;xBairro;-;;-;-;-;-;-;-;-;-;-;-;;;
221;NFSe/infNFSe/DPS/infDPS/prest/;fone;-;;-;-;-;-;-;-;-;-;-;-;;;
222;NFSe/infNFSe/DPS/infDPS/prest/;email;Email deve ser informado conforme estrutura (conter @, ponto etc.).;;Obrig.;Rej.;E0148;Email inv†lido.;2;V;X;V;X;-;;;
223;NFSe/infNFSe/DPS/infDPS/prest/;regTrib;-;;-;-;-;-;-;-;-;-;-;-;;;
224;NFSe/infNFSe/DPS/infDPS/prest/regTrib/;opSimpNac;"Opá∆o de situaá∆o perante o Simples Nacional do prestador, informada na DPS, n∆o est† de acordo com o cadastro Simples Nacional na data de competància informada na DPS.
Se CNPJ do prestador n∆o consta no cadastro ent∆o opSimpNac Ç igual a 1;";;Obrig.;Rej.;E0160;No màs de competància da NFS-e, a opá∆o de situaá∆o perante o Simples Nacional, do prestador, informada na DPS n∆o est† de acordo com o cadastro Simples Nacional.;2;V;X;X;X;-;;;
225;;;Quando o emitente for MEI a NFS-e poder† ser compartilhada pelo munic°pio com o ADN somente se a data de competància for igual ou menor que 31/08/2023.;;Obrig.;Rej.;E0161;NFS-e cujo emitente for MEI somente poder† ser compartilhada pelo munic°pio com o ADN se a data de competància, informada na NFS-e, for menor ou igual a 31/08/2023.;2;X;X;V;V;-;;;
226;NFSe/infNFSe/DPS/infDPS/prest/regTrib/;regApTribSN;O regime de apuraá∆o dos tributos para o optante do Simples Nacional (ME/EPP) n∆o pode ser preenchido quando o prestador de serviáo n∆o for optante do simples nacional ou for MEI, ou seja, o campo opSimpNac = 1 ou 2.;;Obrig.;Rej.;E0162;N∆o Ç permitido ao n∆o optante do Simples Nacional e o MEI preencherem o campo de indicaá∆o do regime de apuraá∆o dos tributos apurados.;2;V;X;V;X;-;;;
227;;;O regime de apuraá∆o dos tributos para o optante do Simples Nacional (ME/EPP) deve ser preenchido obrigatoriamente quando o prestador de serviáo for optante do simples nacional (ME/EPP), ou seja, o campo opSimpNac = 3.;;Obrig.;Rej.;E0166;ê obrigatorio o preenchimento do campo de regime de apuraá∆o dos tributos do SN para o optante do Simples Nacional ME/EPP.;2;V;X;V;X;-;;;
228;NFSe/infNFSe/DPS/infDPS/prest/regTrib/;regEspTrib;"N∆o Ç permitido informar Regime Especial de Tributaá∆o, ou seja, regEspTrib deve ser igual a 0 (Nenhum), quando o serviáo prestado for imune, exportaá∆o de serviáo ou n∆o incidància do ISSQN sobre o serviáo prestado, ou seja, o campo referente Ö tributaá∆o do ISSQN (tribISSQN) Ç igual a ""2 - Imunidade, ""3 - Exportaá∆o de Serviáo"" ou ""4 - N∆o Incidància"", 
(tribISSQN = 2, 3 ou 4).";;Obrig.;Rej.;E0172;"O Regime Especial de Tributaá∆o deve ser ""Nenhum"" (regEspTrib = 0) quando o serviáo prestado for diferente de Tribut†vel (tribISSQN = 1), ou seja, tribISSQN = 2, 3 ou 4.";2;V;X;V;X;-;;;
229;;;"O tipo de regime especial de tributaá∆o deve ser ""Nenhum"", quando o prestador for MEI (opSimpNac = 2).";;Obrig.;Rej.;E0174;"Quando o prestador da NFS-e Ç MEI (opSimpNac = 2) o regime especial de tributaá∆o deve ser ""Nenhum"" (regEspTrib = 0).";2;V;X;V;X;-;;;
230;;;"O tipo de regime especial de tributaá∆o deve ser ""Nenhum"" (regEspTrib = 0) quando o prestador for optante do Simples Nacional ME/EPP (opSimpNac = 3) e o regime de apuraá∆o dos tributos federais e municipal ocorrer pelo SN (regApTribSN = 1).";;Obrig.;Rej.;E0175;"Quando o prestador optante pelo Simples Nacional tiver o regime de apuraá∆o dos tributos ocorrendo tambÇm pelo Simples Nacional, o regime especial de tributaá∆o do ISSQN deve ser ""Nenhum"" (regEspTrib = 0).";2;V;X;V;X;-;;;
231;;;"N∆o Ç permitido informar Regime Especial de Tributaá∆o ""N∆o admitido pelo munic°pio"", conforme parametrizaá∆o do munic°pio de incidància do ISSQN.";;Obrig.;Rej.;E0177;Regime especial de tributaá∆o informado na DPS n∆o Ç admitido na parametrizaá∆o do munic°pio de incidància do ISSQN.;2;V;X;X;X;-;;;
232;;;"ê permitido informar Profissional Autìnomo na DPS somente se:

 o prestador de serviáo estiver parametrizado como Profissional Autìnomo, na data de competància informada na DPS, em pelo menos um dos munic°pios, emissor ou de incidància do ISSQN (cLocIncid ou cLocEmi)
ou
se estiver admitido sem verificaá∆o (parÉmetro ""Informado na DPS pelo Emitente - Sem verificaá∆o""), conforme parametrizaá∆o do munic°pio de incidància do ISSQN na data de competància informada na DPS.";;Obrig.;Rej.;E0176;"ê permitido informar Profissional Autìnomo na DPS somente se o prestador de serviáo estiver parametrizado como Profissional Autìnomo, na data de competància informada na DPS, em pelo menos um dos munic°pios, emissor ou de incidància do ISSQN (cLocIncid ou cLocEmi) ou se estiver admitido sem verificaá∆o (parÉmetro ""Informado na DPS pelo Emitente - Sem verificaá∆o""), conforme parametrizaá∆o do munic°pio de incidància do ISSQN na data de competància informada na DPS.";2;V;X;V;X;-;;;
233;;;"ê permitido informar Regime Especial de Tributaá∆o atribu°do para contribuinte espec°fico, conforme parametrizaá∆o do munic°pio de incidància do ISSQN na data de competància informada na DPS.

ver descriá∆o na coluna observaá‰es de neg¢cio.";;Obrig.;Rej.;E0178;Regime especial de tributaá∆o n∆o permitido para o prestador do serviáo com c¢digo de tributaá∆o na data de competància, informados na DPS, conforme parametrizaá∆o do munic°pio de incidància do ISSQN.;2;V;X;X;X;-;;;
234;NFSe/infNFSe/DPS/infDPS/;toma;Se campo cIndOp for igual a 030102, 050102, 100101, 100301, 100501, 030103, 050103, 100102, 100201, 100302, 100401, 100502 ou 100601, ent∆o o grupo toma deve ser informado.;;Obrig.;Rej.;E0187;O grupo de informaá‰es relativas ao tomador/adquirente do serviáo Ç obrigat¢rio para o indicador de operaá∆o informado.;2;V;X;V;X;-;;;
235;NFSe/infNFSe/DPS/infDPS/toma/;CNPJ;CNPJ informado na DPS Ç inv†lido (verificar DV).;;Obrig.;Rej.;E0188;CNPJ do tomador informado na DPS Ç inv†lido.;1;V;V;V;V;-;;;
236;;;CNPJ do tomador n∆o existe no cadastro CNPJ na data de competància informada na DPS.;;Obrig.;Rej.;E0190;CNPJ do tomador n∆o encontrado no cadastro CNPJ.;2;V;V;X;X;-;;;
237;;;"Para este CNPJ, se o emitente for o tomador de serviáo (tpEmit = 2), na data de competància informada na DPS o munic°pio emissor deve corresponder:
1) ao munic°pio do endereáo registrado no cadastro CNPJ ou;
2) ao munic°pio do endereáo registrado no cadastro nacional complementar NFS-e. (cLocEmi + CNPJ + IM informados na DPS para o prestador devem existir no CNC NFS-e);";;Obrig.;Rej.;E0194;CNPJ do emitente tomador n∆o possui estabelecimento ou domic°lio em um munic°pio correspondente ao munic°pio emissor, na data de competància informada na DPS, conforme cadastros CNPJ e CNC NFS-e.;2;V;X;X;X;Regra executada somente quando o emitente da DPS for o tomador ou intermedi†rio do serviáo (tpEmit = 2 ou 3).;;;
238;;;CNPJ do tomador Ç igual ao CNPJ do prestador. Para efeitos desta regra comparar o CNPJ completo.;;Obrig.;Rej.;E0202;Na emiss∆o da NFS-e n∆o Ç permitido que o prestador do serviáo seja igual ao tomador do serviáo. ;2;V;X;X;X;-;;;
239;;;Se a DPS indicar retená∆o pelo tomador (tpRetISSQN = 2), ent∆o o tomador deve ser identificado por CNPJ ou CPF.;;Obrig.;Rej.;E0204;"CNPJ ou CPF do tomador n∆o foi informado, mas existe uma indicaá∆o para retená∆o do ISSQN na DPS no campo de tipo de ""Retená∆o do ISSQN"".";2;V;X;V;X;-;;;
240;NFSe/infNFSe/DPS/infDPS/toma/;CPF;;;;;;;;;;;;;;;
241;;;CPF informado na DPS Ç inv†lido (verificar DV).;;Obrig.;Rej.;E0206;CPF do tomador informado na DPS Ç inv†lido.;1;V;V;V;V;-;;;
242;;;CPF do tomador inexistente no cadastro CPF na data de competància informada na DPS.;;Obrig.;Rej.;E0207;CPF do tomador n∆o encontrado no cadastro CPF.;2;V;V;X;X;-;;;
243;;;"Para este CPF, se o emitente for o tomador de serviáo (tpEmit = 2), na data de competància informada na DPS o munic°pio emissor deve corresponder ao munic°pio do endereáo registrado no cadastro nacional complementar NFS-e. (cLocEmi + CPF + IM informados na DPS para o prestador devem existir no CNC NFS-e);";;Obrig.;Rej.;E0212;CPF do emitente tomador n∆o possui estabelecimento ou domic°lio em um munic°pio correspondente ao munic°pio emissor, na data de competància informada na DPS, conforme cadastros CPF e CNC NFS-e.;2;V;X;X;X;-;;;
244;NFSe/infNFSe/DPS/infDPS/toma/;NIF;Se o campo tpEmit for °gual a 2, ent∆o NIF do tomador n∆o pode ser informado.;;Obrig.;Rej.;E0222;O tomador de serviáo, quando emitente da DPS, n∆o pode ser identificado pelo NIF.;2;V;X;X;X;-;;;
245;;;Se o grupo de informaá‰es de endereáo no exterior do tomador de serviáos foi informado ent∆o o NIF ou cNaoNIF do tomador deve ser informado.;;Obrig.;Rej.;E0223;O NIF ou cNaoNIF do tomador deve ser informado quando o grupo de informaá‰es de endereáo no exterior do tomador de serviáos foi informado.;2;V;X;V;X;-;;;
246;NFSe/infNFSe/DPS/infDPS/toma/;cNaoNIF;;;;Rej.;;;;;;;;;;;
247;;;Se o campo tpEmit for °gual a 2, ent∆o cNaoNIF do tomador n∆o pode ser informado.;;Obrig.;Rej.;E0224;O tomador de serviáo, quando emitente da DPS, somente pode ser identificado pelo CNPJ ou CPF.;2;V;X;X;X;-;;;
248;;;Se o valor do campo cNaoNIF do tomador, informado na DPS, for 0, ent∆o a DPS deve ser rejeitada.;;Obrig.;Rej.;E0226;Valor 0 para o motivo da n∆o informaá∆o do NIF do tomador n∆o Ç permitido na Sefin do Sistema Nacional NFS-e.;2;V;X;X;X;-;;;
249;NFSe/infNFSe/DPS/infDPS/toma/;CAEPF;-;;-;-;-;-;-;-;-;-;;-;;;
250;NFSe/infNFSe/DPS/infDPS/toma/;IM;"Se o emitente for o prestador de serviáo (tpEmit = 2) e, se houver registro complementar do contribuinte no CNC do munic°pio correspondente ao munic°pio emissor da DPS, ent∆o a IM deve ser informada na DPS.

Utilizar o identificador federal (CNPJ ou CPF) do tomador de serviáo e o codigo do munic°pio emissor (cLocEmi), ambos informados na DPS, para identificar as ocorràncias no CNC NFS-e. Se houver pelo menos uma ocorrància ent∆o o emitente da DPS deve informar o IM correspondente registrado no CNC NFS-e, que identifique unicamente o registro complementar.

Exceto quando o emitente da DPS for MEI na data de competància da emiss∆o da NFS-e.";;Obrig.;Rej.;E0228;A IM deve ser informada para o emitente tomador do serviáo na DPS, conforme informaá‰es complementares registradas no CNC NFS-e do munic°pio emissor informado na DPS.;2;V;X;X;X;-;;;
251;;;"Verificar se o IM informado na DPS est† autorizado a emitir NFS-e na data de processamento desta DPS, se o emitente for o tomador de serviáo (tpEmit = 2) e, se houver registro complementar do contribuinte no CNC do munic°pio correspondente ao munic°pio emissor da DPS, ent∆o a IM deve ser informada na DPS.

Utilizar o identificador federal (CNPJ ou CPF) do tomador de serviáo, o codigo do munic°pio emissor (cLocEmi) e o IM,  informados na DPS, para identificar o registro complementar no CNC NFS-e.

Exceto quando o emitente da DPS for MEI na data de competància da emiss∆o da NFS-e.";;Obrig.;Rej.;E0231;IM do emitente tomador n∆o est† autorizado a emitir NFS-e, conforme informaá‰es complementares registradas no CNC NFS-e do munic°pio emissor informado na DPS.;2;V;X;X;X;-;;;
252;;;"Se o emitente for o tomador de serviáo (tpEmit = 2) e, se n∆o houver registro complementar do contribuinte no CNC do munic°pio correspondente ao munic°pio emissor da DPS, ent∆o o IM n∆o deve ser informado na DPS.

Utilizar o identificador federal (CNPJ ou CPF) do tomador de serviáo, o codigo do munic°pio emissor (cLocEmi) e o IM,  informados na DPS, para identificar o registro complementar no CNC NFS-e.";;Obrig.;Rej.;E0232;IM do tomador n∆o deve ser informado, pois n∆o existem informaá‰es complementares registradas no CNC NFS-e do munic°pio emissor informado na DPS.;2;V;X;X;X;-;;;
253;;;"Utilizar o identificador federal (CNPJ ou CPF) do prestador de serviáo, o codigo do munic°pio emissor (cLocEmi) e o IM,  informados na DPS, para identificar o registro complementar no CNC NFS-e.

Para o emitente tomador de serviáo (tpEmit = 2), verificar se o IM informado nesta DPS est† Inativo (cStat) no CNC do munic°pio emissor na data de competància informada.
 
Se todos os registros complementares estiverem inativos, utilizar as informaá‰es dos cadastros RFB (CNPJ ou CPF), conforme identificador federal utilizado para identificar o emitente da DPS.";;Obrig.;Rej.;E0229;O IM informado est† inativo no CNC NFS-e do munic°pio emissor para a data de competància informada na DPS. ;2;V;X;X;X;-;;;
254;NFSe/infNFSe/DPS/infDPS/toma/;xNome;Se NIF for preenchido ent∆o o campo xNome deve ser preenchido obrigatoriamente.;;Obrig.;Rej.;E0233;O nome tomador deve ser preenchido obrigatoriamente quando o NIF do tomador for preenchido.;1;V;X;V;X;-;;;
255;NFSe/infNFSe/DPS/infDPS/toma/;end;"Quando o emitente da DPS informar um subitem da lista de serviáo cuja incidància do ISSQN ocorra no local do estabelecimento/endereáo do tomador, conforme planilha MUN.INCID_INFO.SERV. 
ou cIndOp for igual a 030102, 050102, 100101, 100301, 100501, 030103, 050103, 100102, 100201, 100302, 100401, 100502 ou 100601
 o endereáo do tomador deve ser obrigatoriamente informado. ";;Obrig.;Rej.;E0234;O endereáo do tomador Ç obrigat¢rio para o indicador de operaá∆o informado ou quando a incidància do ISSQN definida para o serviáo prestado ocorrer no local do estabelecimento/domic°lio do tomador.;2;V;V;V;V;-;;;
256;NFSe/infNFSe/DPS/infDPS/toma/end/;endNac;Se o tpEmit Ç igual a 1 e o tomador foi identificado pelo CNPJ, ent∆o o grupo de informaá‰es de endereáo nacional do tomador do serviáo deve ser informado obrigatoriamente.;;Obrig.;Rej.;E0235;O endereáo nacional do tomador do serviáo deve ser informado na DPS quando o tomador for identificado pelo CNPJ.;1;X;X;V;X;-;;;
257;;;Se o emitente da DPS Ç o tomador do serviáo (tpEmit = 2), ent∆o o grupo de informaá‰es do endereáo nacional do tomador n∆o deve ser informado na DPS.;;Obrig.;Rej.;E0236;O endereáo nacional do tomador do serviáo n∆o deve ser informado na DPS quando o pr¢prio tomador do serviáo for o emitente da DPS.;1;V;X;V;X;-;;;
258;;;Se o valor do ISSQN deve ser retido pelo tomador do serviáo (tpRetISSQN = 2), ent∆o o grupo de informaá‰es do endereáo nacional deve ser informado na DPS obrigatoriamente, exceto se o emitente da DPS Ç o tomador do serviáo (tpEmit = 2).;;Obrig.;Rej.;E0237;O endereáo nacional do tomador do serviáo deve ser informado na DPS quando o valor do ISSQN for retido pelo tomador, exceto se o emitente da DPS Ç o pr¢prio tomador do serviáo.;1;V;X;V;X;-;;;
259;NFSe/infNFSe/DPS/infDPS/toma/end/endNac/;cMun;O c¢digo do munic°pio informado para o endereáo do tomador do serviáo n∆o existe, conforme tabela de munic°pios do IBGE.;;Obrig.;Rej.;E0238;O c¢digo do munic°pio informado na DPS para o endereáo do tomador do serviáo n∆o existe conforme tabela de munic°pio do IBGE.;1;V;V;V;V;-;;;
260;NFSe/infNFSe/DPS/infDPS/toma/end/endNac/;CEP;O CEP informado deve existir e pertencer ao munic°pio correspondente ao c¢digo do munic°pio informado para o endereáo do tomador do serviáo.;;Obrig.;Rej.;E0240;O CEP informado para o endereáo nacional do tomador do serviáo n∆o existe ou n∆o pertence ao munic°pio do endereáo do tomador.;1;V;X;V;X;-;;;
261;NFSe/infNFSe/DPS/infDPS/toma/end/;endExt;Se o NIF do tomador de serviáo foi informado e o emitente da DPS for identificado por CNPJ, ent∆o o grupo de informaá‰es de endereáo no exterior do tomador do serviáo deve ser informado obrigatoriamente.;;Obrig.;Rej.;E0242;O grupo de informaá‰es de endereáo no exterior deve ser informado obrigatoriamente quando o tomador for identificado pelo NIF e o emitente por CNPJ.;1;V;X;V;X;-;;;
262;NFSe/infNFSe/DPS/infDPS/toma/end/endExt/;cPais;O c¢digo de pa°s informado para o endereáo no exterior do tomador do serviáo deve existir e ser diferente de Brasil (BR), conforme a tabela ISO2.;;Obrig.;Rej.;E0246;O c¢digo de pa°s informado para o endereáo no exterior do tomador do serviáo n∆o existe ou Ç igual ao c¢digo do Brasil. Informe um c¢digo de pa°s existente e diferente do codigo do Brasil (BR) para o endereáo no exterior do tomador do serviáo, conforme tabela de pa°s do ANEXO_A-MUNICIPIO_IBGE-PAISES_ISO2-SNNFSe-ESPEC.;1;V;V;V;V;-;;;
263;NFSe/infNFSe/DPS/infDPS/toma/end/endExt/;cEndPost;-;;-;-;-;-;-;-;-;-;-;-;;;
264;NFSe/infNFSe/DPS/infDPS/toma/end/endExt/;xCidade;-;;-;-;-;-;-;-;-;-;-;-;;;
265;NFSe/infNFSe/DPS/infDPS/toma/end/endExt/;xEstProvReg;-;;-;-;-;-;-;-;-;-;-;-;;;
266;NFSe/infNFSe/DPS/infDPS/toma/end/;xLgr;-;;-;-;-;-;-;-;-;-;-;-;;;
267;NFSe/infNFSe/DPS/infDPS/toma/end/;nro;-;;-;-;-;-;-;-;-;-;-;-;;;
268;NFSe/infNFSe/DPS/infDPS/toma/end/;xCpl;-;;-;-;-;-;-;-;-;-;-;-;;;
269;NFSe/infNFSe/DPS/infDPS/toma/end/;xBairro;-;;-;-;-;-;-;-;-;-;-;-;;;
270;NFSe/infNFSe/DPS/infDPS/toma/;fone;-;;-;-;-;-;-;-;-;-;-;-;;;
271;NFSe/infNFSe/DPS/infDPS/toma/;email;Email deve ser informado conforme estrutura (conter @, ponto etc.).;;Obrig.;Rej.;E0247;Email inv†lido.;2;V;X;V;X;-;;;
272;NFSe/infNFSe/DPS/infDPS/;interm;-;;-;-;;-;-;-;-;-;-;-;;;
273;NFSe/infNFSe/DPS/infDPS/interm/;CNPJ;CNPJ informado na DPS Ç inv†lido (verificar DV).;;Obrig.;Rej.;E0248;CNPJ do intermedi†rio informado na DPS Ç inv†lido.;1;V;V;V;V;-;;;
274;;;CNPJ do intermedi†rio n∆o existe no cadastro CNPJ na data de competància informada na DPS.;;Obrig.;Rej.;E0250;CNPJ do intermedi†rio n∆o encontrado no cadastro CNPJ.;2;V;V;X;X;-;;;
275;;;"Para este CNPJ, se o emitente for o intermedi†rio do serviáo (tpEmit = 3), na data de competància informada na DPS o munic°pio emissor deve corresponder:
1) ao munic°pio do endereáo registrado no cadastro CNPJ ou;
2) ao munic°pio do endereáo registrado no cadastro nacional complementar NFS-e. (cLocEmi + CNPJ + IM informados na DPS para o prestador devem existir no CNC NFS-e);";;Obrig.;Rej.;E0254;CNPJ do emitente intermedi†rio n∆o possui estabelecimento ou domic°lio em um munic°pio correspondente ao munic°pio emissor, na data de competància informada na DPS, conforme cadastros CNPJ e CNC NFS-e.;2;V;X;X;X;-;;;
276;;;CNPJ do intermedi†rio Ç igual ao CNPJ do prestador. Para efeitos desta regra comparar a ra°z dos CNPJ (8 primeiros d°gitos).;;Obrig.;Rej.;E0262;Na emiss∆o da NFS-e n∆o Ç permitido que o prestador do serviáo seja igual ao intermedi†rio do serviáo. ;2;V;X;X;X;-;;;
277;;;Se a DPS indicar retená∆o pelo intermedi†rio (tpRetISSQN = 3), ent∆o o intermedi†rio deve ser identificado por CNPJ ou CPF.;;Obrig.;Rej.;E0264;"CNPJ ou CPF do intermedi†rio n∆o foi informado, mas existe uma indicaá∆o para retená∆o do ISSQN na DPS no campo de tipo de ""Retená∆o do ISSQN"".";2;V;X;X;X;-;;;
278;NFSe/infNFSe/DPS/infDPS/interm/;CPF;;;;;;;;V;X;X;X;-;;;
279;;;CPF informado na DPS Ç inv†lido (verificar DV).;;Obrig.;Rej.;E0266;CPF do intermedi†rio informado na DPS Ç inv†lido.;1;V;V;V;V;-;;;
280;;;CPF intermedi†rio inexistente no cadastro CPF na data de competància informada na DPS.;;Obrig.;Rej.;E0268;CPF do intermedi†rio n∆o encontrado no cadastro CPF.;2;V;V;X;X;-;;;
281;;;"Para este CPF, se o emitente for o intermedi†rio do serviáo (tpEmit = 3), na data de competància informada na DPS o munic°pio emissor (cLocEmi) deve corresponder ao munic°pio do endereáo registrado no cadastro nacional complementar NFS-e. (cLocEmi + CPF + IM informados na DPS para o prestador devem existir no CNC NFS-e);";;Obrig.;Rej.;E0272;CPF do emitente intermedi†rio n∆o possui estabelecimento ou domic°lio em um munic°pio correspondente ao munic°pio emissor, na data de competància informada na DPS, conforme cadastros CPF e CNC NFS-e.;2;V;X;X;X;-;;;
282;NFSe/infNFSe/DPS/infDPS/interm/;NIF; Se o campo tpEmit for °gual a 3, ent∆o NIF do intermedi†rio n∆o pode ser informado.;;Obrig.;Rej.;E0280;O intermedi†rio de serviáo, quando emitente da DPS, n∆o pode ser identificado pelo NIF.;2;V;X;X;X;-;;;
283;;;Se o grupo de informaá‰es de endereáo no exterior do intermedi†rio de serviáos foi informado ent∆o o NIF ou cNaoNIF do intermedi†rio deve ser informado.;;Obrig.;Rej.;E0281;O NIF ou cNaoNIF do intermedi†rio deve ser informado quando o grupo de informaá‰es de endereáo no exterior do intermedi†rio de serviáos foi informado.;2;V;X;V;X;-;;;
284;NFSe/infNFSe/DPS/infDPS/interm/;cNaoNIF;;;;Rej.;;;;;;;;;;;
285;;;Se o campo tpEmit for °gual a 3, ent∆o cNaoNIF do intermedi†rio n∆o pode ser informado.;;Obrig.;Rej.;E0284;O intermedi†rio de serviáo, quando emitente da DPS, somente pode ser identificado pelo CNPJ ou CPF.;2;V;X;X;X;-;;;
286;;;Se o valor do campo cNaoNIF do intermedi†rio, informado na DPS, for 0, ent∆o a DPS deve ser rejeitada.;;Obrig.;Rej.;E0286;Valor 0 para o motivo da n∆o informaá∆o do NIF do intermedi†rio n∆o Ç permitido na Sefin do Sistema Nacional NFS-e.;2;V;X;X;X;-;;;
287;NFSe/infNFSe/DPS/infDPS/interm/;CAEPF;-;;-;-;-;-;-;-;-;-;-;-;;;
288;NFSe/infNFSe/DPS/infDPS/interm/;IM;"Se o emitente for o prestador de serviáo (tpEmit = 3) e, se houver registro complementar do contribuinte no CNC do munic°pio correspondente ao munic°pio emissor da DPS, ent∆o a IM deve ser informada na DPS.

Utilizar o identificador federal (CNPJ ou CPF) do prestador de serviáo e o codigo do munic°pio emissor (cLocEmi), ambos informados na DPS, para identificar as ocorràncias no CNC NFS-e. Se houver pelo menos uma ocorrància ent∆o o emitente da DPS deve informar o IM correspondente registrado no CNC NFS-e, que identifique unicamente o registro complementar.

Exceto quando o emitente da DPS for MEI na data de competància da emiss∆o da NFS-e.";;Obrig.;Rej.;E0287;A IM n∆o foi informada para o emitente intermedi†rio do serviáo na DPS.;2;V;X;X;X;-;;;
289;;;"Verificar se o IM informado na DPS est† autorizado a emitir NFS-e na data de processamento desta DPS, se o emitente for o intermedi†rio de serviáo (tpEmit = 3) e, se houver registro complementar do contribuinte no CNC do munic°pio correspondente ao munic°pio emissor da DPS, ent∆o a IM deve ser informada na DPS.

Utilizar o identificador federal (CNPJ ou CPF) do intermedi†rio de serviáo, o codigo do munic°pio emissor (cLocEmi) e o IM,  informados na DPS, para identificar o registro complementar no CNC NFS-e.

Exceto quando o emitente da DPS for MEI na data de competància da emiss∆o da NFS-e.";;Obrig.;Rej.;E0289;IM do emitente intermedi†rio n∆o est† autorizado a emitir NFS-e, conforme informaá‰es complementares registradas no CNC NFS-e do munic°pio emissor informado na DPS.;2;V;X;X;X;-;;;
290;;;"Se o emitente for o intermedi†rio de serviáo (tpEmit = 3) e, se n∆o houver registro complementar do contribuinte no CNC do munic°pio correspondente ao munic°pio emissor da DPS, ent∆o o IM n∆o deve ser informado na DPS.

Utilizar o identificador federal (CNPJ ou CPF) do intermedi†rio de serviáo, o codigo do munic°pio emissor (cLocEmi) e o IM,  informados na DPS, para identificar o registro complementar no CNC NFS-e.";;Obrig.;Rej.;E0290;IM do intermedi†rio n∆o deve ser informado, pois n∆o existem informaá‰es complementares registradas no CNC NFS-e do munic°pio emissor informado na DPS.;2;V;X;X;X;-;;;
291;;;"Utilizar o identificador federal (CNPJ ou CPF) do prestador de serviáo, o codigo do munic°pio emissor (cLocEmi) e o IM,  informados na DPS, para identificar o registro complementar no CNC NFS-e.

Para o emitente intermedi†rio de serviáo (tpEmit = 3), verificar se o IM informado nesta DPS est† Inativo (cStat) no CNC do munic°pio emissor na data de competància informada.
 
Se todos os registros complementares estiverem inativos, utilizar as informaá‰es dos cadastros RFB (CNPJ ou CPF), conforme identificador federal utilizado para identificar o emitente da DPS.";;Obrig.;Rej.;E0288;O IM informado est† inativo no CNC NFS-e do munic°pio emissor para a data de competància informada na DPS. ;2;V;X;X;X;-;;;
292;NFSe/infNFSe/DPS/infDPS/interm/;xNome;Se NIF for preenchido ent∆o o campo xNome deve ser preenchido obrigatoriamente.;;Obrig.;Rej.;E0292;O nome intermedi†rio deve ser preenchido obrigatoriamente quando o NIF do intermedi†rio for preenchido.;1;V;-;V;-;-;;;
293;NFSe/infNFSe/DPS/infDPS/interm/;end;-;;-;-;-;-;-;-;-;-;-;-;;;
294;NFSe/infNFSe/DPS/infDPS/interm/end/;endNac;Se o tpEmit Ç igual a 1 e o intermedi†rio foi identificado pelo CNPJ, ent∆o o grupo de informaá‰es de endereáo nacional do intermedi†rio do serviáo deve ser informado obrigatoriamente.;;Obrig.;Rej.;E1388;O endereáo nacional do intermedi†rio do serviáo deve ser informado na DPS quando o intermedi†rio for identificado pelo CNPJ.;1;X;X;V;X;-;;;
295;;;Se o emitente da DPS Ç o intermedi†rio do serviáo (tpEmit = 3), ent∆o o grupo de informaá‰es do endereáo nacional do intermedi†rio n∆o deve ser informado na DPS.;;Obrig.;Rej.;E0291;O endereáo nacional do intermedi†rio do serviáo n∆o deve ser informado na DPS quando o pr¢prio tomador do serviáo for o emitente da DPS.;1;V;X;V;X;-;;;
296;;;Se o valor do ISSQN deve ser retido pelo intermedi†rio do serviáo (tpRetISSQN = 3), ent∆o o grupo de informaá‰es do endereáo nacional deve ser informado na DPS obrigatoriamente, exceto se o emitente da DPS Ç o intermedi†rio do serviáo (tpEmit = 3).;;Obrig.;Rej.;E0293;O endereáo nacional do intermedi†rio do serviáo deve ser informado na DPS quando o valor do ISSQN for retido pelo intermedi†rio, exceto se o emitente da DPS Ç o intermedi†rio do serviáo.;1;V;X;V;X;-;;;
297;NFSe/infNFSe/DPS/infDPS/interm/end/endNac/;cMun;O c¢digo do munic°pio informado para o endereáo do intermedi†rio do serviáo n∆o existe, conforme tabela de munic°pios do IBGE.;;Obrig.;Rej.;E0294;O c¢digo do munic°pio informado na DPS para o endereáo do intermedi†rio do serviáo n∆o existe conforme tabela de munic°pio do IBGE.;1;V;V;V;V;-;;;
298;NFSe/infNFSe/DPS/infDPS/interm/end/endNac/;CEP;O CEP informado deve existir e pertencer ao munic°pio correspondente ao c¢digo do munic°pio informado para o endereáo do intermedi†rio do serviáo.;;Obrig.;Rej.;E0296;O CEP informado para o endereáo nacional do intermedi†rio do serviáo n∆o existe ou n∆o pertence ao munic°pio do endereáo do intermedi†rio.;1;V;X;V;X;-;;;
299;NFSe/infNFSe/DPS/infDPS/interm/end/;endExt;Se o NIF do intermedi†rio de serviáo foi informado e o emitente da DPS for identificado por CNPJ, ent∆o o grupo de informaá‰es de endereáo no exterior do tomador do serviáo deve ser informado obrigatoriamente.;;Obrig.;Rej.;E0298;O grupo de informaá‰es de endereáo no exterior deve ser informado obrigatoriamente quando o intermedi†rio for identificado pelo NIF e o emitente por CNPJ.;1;V;X;V;X;-;;;
300;NFSe/infNFSe/DPS/infDPS/interm/end/endExt/;cPais;O c¢digo de pa°s informado para o endereáo no exterior do intermedi†rio do serviáo deve existir e ser diferente de Brasil (BR), conforme a tabela ISO2.;;Obrig.;Rej.;E0299;O c¢digo de pa°s informado para o endereáo no exterior do intermedi†rio do serviáo n∆o existe ou Ç igual ao c¢digo do Brasil. Informe um c¢digo de pa°s existente e diferente do codigo do Brasil (BR) para o endereáo no exterior do intermedi†rio do serviáo, conforme tabela de pa°s do ANEXO_A-MUNICIPIO_IBGE-PAISES_ISO2-SNNFSe-ESPEC.;1;V;V;V;V;-;;;
301;NFSe/infNFSe/DPS/infDPS/interm/end/endExt/;cEndPost;-;;-;-;-;-;-;-;-;-;-;-;;;
302;NFSe/infNFSe/DPS/infDPS/interm/end/endExt/;xCidade;-;;-;-;-;-;-;-;-;-;-;-;;;
303;NFSe/infNFSe/DPS/infDPS/interm/end/endExt/;xEstProvReg;-;;-;-;-;-;-;-;-;-;-;-;;;
304;NFSe/infNFSe/DPS/infDPS/interm/end/;xLgr;-;;-;-;-;-;-;-;-;-;-;-;;;
305;NFSe/infNFSe/DPS/infDPS/interm/end/;nro;-;;-;-;-;-;-;-;-;-;-;-;;;
306;NFSe/infNFSe/DPS/infDPS/interm/end/;xCpl;-;;-;-;-;-;-;-;-;-;-;-;;;
307;NFSe/infNFSe/DPS/infDPS/interm/end/;xBairro;-;;-;-;-;-;-;-;-;-;-;-;;;
308;NFSe/infNFSe/DPS/infDPS/interm/;fone;-;;-;-;-;-;-;-;-;-;-;-;;;
309;NFSe/infNFSe/DPS/infDPS/interm/;email;Email deve ser informado conforme estrutura (conter @, ponto etc.).;;Obrig.;Rej.;E0300;Email inv†lido.;2;V;X;V;X;-;;;
310;NFSe/infNFSe/DPS/infDPS/;serv;-;;-;-;;-;-;-;-;-;-;-;;;
311;NFSe/infNFSe/DPS/infDPS/serv/;locPrest;-;;-;-;;-;-;-;-;-;-;-;;;
312;NFSe/infNFSe/DPS/infDPS/serv/locPrest/;cLocPrestacao;"Se informado, o c¢digo do munic°pio deve existir na tabela de munic°pios do IBGE ou possuir a codificaá∆o 0000000, que representa ""µguas Mar°timas"".";;Obrig.;Rej.;E0302;O c¢digo do local da prestaá∆o do serviáo n∆o existe conforme a tabela de munic°pios IBGE disponibilizada no ANEXO_A-MUNICIPIO_IBGE-PAISES_ISO2-SNNFSe.;1;V;V;V;V;-;;;
313;;;"Se informado o subitem 200101 para o c¢digo de tributaá∆o nacional (cTribNac), 
ent∆o n∆o Ç permitido informar 0000000, que representa ""µguas Mar°timas"", para o local de prestaá∆o do serviáo (cLocPrestacao).";;Obrig.;Rej.;E1402;"Quando Ç informado o subitem 200101 para o c¢digo de tributaá∆o nacional (cTribNac), n∆o Ç permitido informar 0000000, que representa ""µguas Mar°timas"", para o local de prestaá∆o do serviáo (cLocPrestacao).";;X;X;V;X;"Para atender o dispositivo do Art 3ß, ı 2ß,
(No caso dos serviáos a que se refere o subitem 22.01 da lista anexa, considera-se ocorrido o fato gerador e devido o imposto em cada Munic°pio em cujo territ¢rio haja extens∆o de rodovia explorada.)
o Sistema Nacional NFS-e considera o trecho de concess∆o de exploraá∆o de rodovia como uma localidade de prestaá∆o de serviáo, assim como qualquer munic°pio brasileiro.

Para atender o dispositivo do Art 3ß, ı 3ß,
(Considera-se ocorrido o fato gerador do imposto no local do estabelecimento prestador nos serviáos executados em †guas mar°timas, excetuados os serviáos descritos no subitem 20.01)
o Sistema Nacional NFS-e ""µguas Mar°timas"" como uma localidade de prestaá∆o de serviáo, assim como qualquer munic°pio brasileiro.

cLocPrestacao poder† assumir: qualquer c¢digo que represente um munic°pio da tabela de c¢digos de munic°pios do IBGE, qualquer c¢digo quer represente um trecho de concess∆o de exploraá∆o de rodovias do cadastro pr¢prio do Sistema Nacional NFS-e ou 0000000, que representa ""µguas Mar°timas"".";;;
314;NFSe/infNFSe/DPS/infDPS/serv/locPrest/;cPaisPrestacao;Se informado, o c¢digo do pa°s deve existir na tabela de pa°s ISO2 e ser diferente de Brasil (BR).;;Obrig.;Rej.;E0304;Informe um c¢digo de pa°s existente e diferente de Brasil (BR), conforme tabela de pa°s do ANEXO_A-MUNICIPIO_IBGE-PAISES_ISO2-SNNFSe-ESPEC.;1;V;V;V;V;-;;;
315;NFSe/infNFSe/DPS/infDPS/serv/;cServ;;;;;;;-;-;-;-;-;-;;;
316;NFSe/infNFSe/DPS/infDPS/serv/cServ/;cTribNac;Verificar se o c¢digo de tributaá∆o nacional informado existe conforme a lista de serviáos nacional do Sistema Nacional NFS-e.;;Obrig.;Rej.;E0310;"O c¢digo de tributaá∆o nacional informado n∆o existe
conforme a lista de serviáos nacional do Sistema Nacional NFS-e.";1;V;X;V;X;-;;;
317;;;"Verificar se o c¢digo de tributaá∆o nacional informado est† administrado pelo munic°pio de incidància do ISSQN na data de competància informada na DPS, conforme a lista de serviáos nacional do Sistema Nacional NFS-e.

Exceto quando o emitente da DPS for MEI na data de competància da emiss∆o da NFS-e.";;Obrig.;Rej.;E0312;"O c¢digo de tributaá∆o nacional informado n∆o est† administrado pelo munic°pio de incidància do ISSQN na data de competància informada na DPS, 
conforme a lista de serviáos nacional do Sistema Nacional NFS-e.";3;V;X;X;X;-;;;
318;NFSe/infNFSe/DPS/infDPS/serv/cServ/;cTribMun;"Verificar se o c¢digo de tributaá∆o municipal informado existe e est† administrado pelo munic°pio de incidància do ISSQN na data de competància informada na DPS.

Exceto quando o emitente da DPS for MEI na data de competància da emiss∆o da NFS-e.";;Obrig.;Rej.;E0314;O c¢digo de tributaá∆o municipal informado n∆o existe ou n∆o est† administrado pelo munic°pio de incidància do ISSQN na data de competància informada na DPS, ;3;V;X;X;X;-;;;
319;;;N∆o Ç permitido informar 000 para o codigo de tributaá∆o municipal na DPS.;;Obrig.;Rej.;E0315;N∆o Ç permitido informar 000 para o codigo de tributaá∆o municipal na DPS.;1;V;V;V;V;-;;;
320;NFSe/infNFSe/DPS/infDPS/serv/cServ/;xDescServ;-;;-;-;-;-;-;-;-;-;-;-;;;
321;NFSe/infNFSe/DPS/infDPS/serv/cServ/;cNBS;O c¢digo da lista NBS informado na DPS n∆o existe, conforme tabela NBS do ANEXO_B-NBS2-LISTA_SERVICO_NACIONAL-SNNFSe do Manual Integrado do Sistema Nacional NFS-e.;;Obrig.;Rej.;E0316;C¢digo da lista NBS informado inexistente tabela de NBS do sistema.;2;V;X;V;X;-;;;
322;;;"Se o emitente for o prestador (tpEmit = 1) e qualquer um dos campos abaixo for informado na DPS,

Pa°s no exterior do endereáo do tomador do serviáo ou
Pa°s no exterior do endereáo do intermedi†rio do serviáo ou
cPaisPrestacao Ç informado,

ent∆o Ç obrigat¢rio informar na DPS um  item da NBS.";;Obrig.;Rej.;E0318;ê obrigat¢rio informar na DPS um item da NBS para casos de exportaá∆o de serviáo.;2;V;X;V;X;-;;;
323;;;"Se o emitente for o tomador (tpEmit = 2) ou o intermedi†rio de serviáo (tpEmit = 3), e qualquer um dos campos abaixo for informado na DPS

Pa°s no exterior do endereáo do prestador do serviáo ou
cPaisPrestacao Ç informado,

ent∆o Ç obrigat¢rio informar na DPS um item da NBS.";;Obrig.;Rej.;E0320;ê obrigat¢rio informar na DPS um item da NBS para casos de importaá∆o de serviáo.;2;V;X;V;X;-;;;
324;;;Se o bloco de informaá‰es de IBS/CBS (NFSe/infNFSe/DPS/infDPS/IBSCBS) for informado na DPS, ent∆o Ç obrigat¢rio informar na DPS um item da NBS.;;Obrig.;Rej.;E0322;ê obrigat¢rio informar na DPS um item da NBS se for declarada qualquer informaá∆o de IBS/CBS.;2;V;X;V;X;-;;;
325;NFSe/infNFSe/DPS/infDPS/serv/cServ/;cIntContrib;-;;-;-;-;-;-;-;-;-;-;-;;;
326;NFSe/infNFSe/DPS/infDPS/serv/;comExt;"EXPORTAÄ«O DE SERVIÄO

Se o emitente for o prestador (tpEmit = 1), e qualquer um dos campos abaixo for informado na DPS 

Pa°s no exterior do endereáo do tomador do serviáo,
Pa°s no exterior do endereáo do intermedi†rio do serviáo ou
cPaisPrestacao Ç informado ou 
tribISSQN for Exportaá∆o de serviáo (tribISSQN = 3),

ent∆o o grupo de informaá‰es de comÇrcio exterior devem ser informado.";;Obrig.;Rej.;E0330;ê obrigat¢rio prestar informaá‰es de comÇrcio exterior para as situaá‰es de exportaá∆o de serviáos.;1;V;X;V;X;-;;;
327;;;"IMPORTAÄ«O DE SERVIÄO 

Se o emitente for o tomador (tpEmit = 2) ou o intermedi†rio de serviáo (tpEmit = 3),  e qualquer um dos campos abaixo for informado na DPS

Pa°s no exterior do endereáo do prestador do serviáo ou
cPaisPrestacao Ç informado,

ent∆o o grupo de informaá‰es de comÇrcio exterior devem ser informados.";;Obrig.;Rej.;E0331;ê obrigat¢rio prestar informaá‰es de comÇrcio exterior para as situaá‰es de importaá∆o de serviáos.;1;V;X;V;X;-;;;
328;NFSe/infNFSe/DPS/infDPS/serv/comExt/;mdPrestacao;Se o valor do campo mdPrestacao for 0, ent∆o a DPS deve ser rejeitada.;;Obrig.;Rej.;E0333;Valor 0 para o modo de prestaá∆o n∆o Ç permitido na Sefin do Sistema Nacional NFS-e.;2;V;X;X;X;-;;;
329;NFSe/infNFSe/DPS/infDPS/serv/comExt/;vincPrest;-;;-;-;-;-;-;-;-;-;-;-;;;
330;NFSe/infNFSe/DPS/infDPS/serv/comExt/;tpMoeda;-;;-;-;-;-;-;-;-;-;-;-;;;
331;NFSe/infNFSe/DPS/infDPS/serv/comExt/;vServMoeda;-;;-;-;-;-;-;-;-;-;-;-;;;
332;NFSe/infNFSe/DPS/infDPS/serv/comExt/;mecAFComexP;Se o valor do campo mecAFComexP for 0, ent∆o a DPS deve ser rejeitada.;;Obrig.;Rej.;E0341;Valor 0 para o Mecanismo de apoio/fomento ao ComÇrcio Exterior utilizado pelo prestador do serviáo n∆o Ç permitido na Sefin do Sistema Nacional NFS-e.;2;V;X;X;X;-;;;
333;NFSe/infNFSe/DPS/infDPS/serv/comExt/;mecAFComexT;Se o valor do campo mecAFComexT for 0, ent∆o a DPS deve ser rejeitada.;;Obrig.;Rej.;E0343;Valor 0 para o Mecanismo de apoio/fomento ao ComÇrcio Exterior utilizado pelo tomador do serviáo n∆o Ç permitido na Sefin do Sistema Nacional NFS-e.;2;V;X;X;X;-;;;
334;NFSe/infNFSe/DPS/infDPS/serv/comExt/;movTempBens;Se o valor do campo movTempBens for 0, ent∆o a DPS deve ser rejeitada.;;Obrig.;Rej.;E0345;Valor 0 para o V°nculo da Operaá∆o Ö Movimentaá∆o Tempor†ria de Bens n∆o Ç permitido na Sefin do Sistema Nacional NFS-e.;2;V;X;X;X;-;;;
335;NFSe/infNFSe/DPS/infDPS/serv/comExt/;nDI;Se movTempBens = 2, ent∆o o preenchimento de nDI Ç obrigat¢rio;;Obrig.;Rej.;E0352;O preenchimento do campo nDI (N£mero da Declaraá∆o de Importaá∆o) Ç obrigat¢rio quando o campo (movTempBens) V°nculo da Operaá∆o Ö Movimentaá∆o Tempor†ria de Bens for igual a 2.;2;V;X;X;X;-;;;
336;;;Se movTempBens = 1, ent∆o o preenchimento de nDI e nRE n∆o Ç permitido;;Obrig.;Rej.;E0354;O preenchimento dos campos nDI (N£mero da Declaraá∆o de Importaá∆o) ou do nRE (£mero do Registro de Exportaá∆o) n∆o Ç permitido quando o campo (movTempBens) V°nculo da Operaá∆o Ö Movimentaá∆o Tempor†ria de Bens for igual a 1.;2;V;X;X;X;-;;;
337;NFSe/infNFSe/DPS/infDPS/serv/comExt/;nRE;;;;;;;2;V;X;X;X;-;;;
338;;;Se movTempBens = 3, ent∆o o preenchimento de nRE Ç obrigat¢rio;;Obrig.;Rej.;E0356;O preenchimento do campo nRE (£mero do Registro de Exportaá∆o) Ç obrigat¢rio quando o campo (movTempBens) V°nculo da Operaá∆o Ö Movimentaá∆o Tempor†ria de Bens for igual a 3.;2;V;X;X;X;-;;;
339;NFSe/infNFSe/DPS/infDPS/serv/comExt/;mdic;-;;-;-;;-;-;-;-;-;-;-;;;
340;NFSe/infNFSe/DPS/infDPS/serv;obra; Se o c¢digo de tributaá∆o nacional pertencer a um dos subitens, 07.02.01, 07.02.02, 07.04.01, 07.05,01, 07.05.02, 07.06.01, 07.06.02, 07.07.01, 07.08.01, 07.17.01, 07.19.01, 14.14.03 e 14.14.04 da lista de serviáos, ent∆o o grupo de informaá‰es de obra Ç obrigat¢rio.;;Obrig.;Rej.;E0370;O grupo de informaá‰es de obra Ç obrigat¢rio quando o c¢digo de tributaá∆o nacional pertencer a um dos subitens 07.02.01, 07.02.02, 07.04.01, 07.05,01, 07.05.02, 07.06.01, 07.06.02, 07.07.01, 07.08.01, 07.17.01, 07.19.01, 1414.03 e 14.14.04 da lista de serviáos.;1;V;X;V;X;-;;;
341;;;"Se o c¢digo de tributaá∆o nacional n∆o pertencer a algum dos subitens 07.02.01, 07.02.02, 07.04.01, 07.05,01, 07.05.02, 07.06.01, 07.06.02, 07.07.01, 07.08.01, 07.17.01, 07.19.01, 14.14.03 e 14.14.04 da lista de serviáos, ent∆o o grupo de informaá‰es de obra n∆o Ç permitido.
*Exceá∆o: O grupo de informaá‰es de obra pode ser informado se o c¢digo de tributaá∆o nacional for o 99.01.01.";;Obrig.;Rej.;E0372;O grupo de informaá‰es de obra n∆o Ç permitido quando o c¢digo de tributaá∆o nacional n∆o pertencer a algum dos subitens 07.02.01, 07.02.02, 07.04.01, 07.05,01, 07.05.02, 07.06.01, 07.06.02, 07.07.01, 07.08.01, 07.17.01, 07.19.01, 1414.03 e 14.14.04 da lista de serviáos, com exceá∆o do c¢digo 99.01.01.;1;V;X;V;X;-;;;
342;NFSe/infNFSe/DPS/infDPS/serv/obra/;inscImobFisc;-;;-;-;-;-;-;-;-;-;-;-;;;
343;NFSe/infNFSe/DPS/infDPS/serv/obra/;cObra;-;;-;-;-;-;-;-;-;-;-;-;;;
344;NFSe/infNFSe/DPS/infDPS/serv/obra/;cCIB;C¢digo do Cadastro Imobili†rio Brasileito - CIB deve ser um c¢digo v†lido - 7 caracteres + DV;;Obrig.;Rej.;E0373;C¢digo CIB inv†lido.;-;V;X;V;X;-;;;
345;NFSe/infNFSe/DPS/infDPS/serv/obra/;end;-;;-;-;-;-;-;-;-;-;-;-;;;
346;NFSe/infNFSe/DPS/infDPS/serv/obra/end/;CEP;O CEP a ser informa para endereáo da obra deve pertencer ao munic°pio que foi informado como local da prestaá∆o do serviáo.;;Obrig.;Rej.;E0380;Informe um CEP correspondente ao munic°pio do local da prestaá∆o do serviáo informado nesta DPS para indicar corretamente o endereáo da obra.;1;V;X;V;X;-;;;
347;;;Se o pais da prestaá∆o do serviáo de obra foi informado (cPaisPrestacao foi informado), ent∆o o CEP n∆o pode ser informado.;;Obrig.;Rej.;E0382;O CEP n∆o deve ser informado quando o endereáo da obra ocorrer no exterior do pa°s.;1;V;X;V;X;-;;;
348;NFSe/infNFSe/DPS/infDPS/serv/obra/end/;endExt;Se o pais local da prestaá∆o do serviáo de obra foi informado (cPaisPrestacao foi informado), ent∆o o grupo de informaá‰es de endereáo no exterior deve ser informado.;;Obrig.;Rej.;E0384;O grupo de informaá‰es de endereáo da atividade de obra ocorrido no exterior deve ser informado quando o pa°s do local da prestaá∆o for informado na DPS.;1;V;X;V;X;-;;;
349;;;Se o munic°pio local da prestaá∆o do serviáo de obra foi informado (cMunPrestacao foi informado), ent∆o o grupo de informaá‰es de endereáo no exterior n∆o pode ser informado.;;Obrig.;Rej.;E0386;O grupo de informaá‰es de endereáo da atividade de obra ocorrido no exterior n∆o deve ser informado quando o munic°pio do local da prestaá∆o for informado na DPS.;1;V;X;V;X;-;;;
350;NFSe/infNFSe/DPS/infDPS/serv/obra/end/endExt/;cEndPost;-;;-;-;-;;-;-;-;-;-;-;;;
351;NFSe/infNFSe/DPS/infDPS/serv/obra/end/endExt/;xCidade;-;;-;-;-;;-;-;-;-;-;-;;;
352;NFSe/infNFSe/DPS/infDPS/serv/obra/end/endExt/;xEstProvReg;-;;-;-;-;;-;-;-;-;-;-;;;
353;NFSe/infNFSe/DPS/infDPS/serv/obra/end/;xLgr;-;;-;-;-;;-;-;-;-;-;-;;;
354;NFSe/infNFSe/DPS/infDPS/serv/obra/end/;nro;-;;-;-;-;;-;-;-;-;-;-;;;
355;NFSe/infNFSe/DPS/infDPS/serv/obra/end/;xCpl;-;;-;-;-;;-;-;-;-;-;-;;;
356;NFSe/infNFSe/DPS/infDPS/serv/obra/end/;xBairro;-;;-;-;-;;-;-;-;-;-;-;;;
357;NFSe/infNFSe/DPS/infDPS/serv/;atvEvento;Se o c¢digo de tributaá∆o nacional pertencer ao item 12 da lista de serviáos, ent∆o o grupo de informaá‰es de Atividade/Evento Ç obrigat¢rio.;;Obrig.;Rej.;E0390;O grupo de informaá‰es de Atividade/Evento Ç obrigat¢rio quando o c¢digo de tributaá∆o nacional pertencer ao item 12 da lista de serviáos.;1;V;X;V;X;-;;;
358;;;"Se o c¢digo de tributaá∆o nacional n∆o pertencer ao item 12 da lista de serviáos, ent∆o o grupo de informaá‰es de Atividade/Evento n∆o Ç permitido.
*Exceá∆o: O grupo de informaá‰es de Atividade/Evento pode ser informado se o c¢digo de tributaá∆o nacional for o 99.01.01.";;Obrig.;Rej.;E0392;O grupo de informaá‰es de Atividade/Evento n∆o Ç permitido quando o c¢digo de tributaá∆o nacional n∆o pertencer ao item 12 da lista de serviáos, com exceá∆o do c¢digo 99.01.01.;1;V;X;V;X;-;;;
359;NFSe/infNFSe/DPS/infDPS/serv/atvEvento/;xNome;-;;-;-;-;-;-;-;-;-;-;-;;;
360;NFSe/infNFSe/DPS/infDPS/serv/atvEvento/;dtIni;-;;-;-;-;-;-;-;-;-;-;-;;;
361;NFSe/infNFSe/DPS/infDPS/serv/atvEvento/;dtFim;-;;-;-;-;-;-;-;-;-;-;-;;;
362;NFSe/infNFSe/DPS/infDPS/serv/atvEvento/;idAtvEvt;-;;-;-;-;-;-;-;-;-;-;-;;;
363;NFSe/infNFSe/DPS/infDPS/serv/atvEvento/;end;-;;-;-;-;-;-;-;-;-;-;-;;;
364;NFSe/infNFSe/DPS/infDPS/serv/atvEvento/end/;CEP;Se o munic°pio local da prestaá∆o da atividade de evento foi informado (cMunPrestacao foi informado), ent∆o o CEP deve ser informado e pertencer a este munic°pio.;;Obrig.;Rej.;E0398;Informe um CEP correspondente ao munic°pio do local da prestaá∆o do serviáo informado nesta DPS para indicar corretamente o endereáo da atividade ou evento.;1;V;X;V;X;-;;;
365;;;Se o pais local da prestaá∆o da atividade de evento foi informado (cPaisPrestacao foi informado), ent∆o o CEP n∆o deve ser informado.;;Obrig.;Rej.;E0400;O CEP n∆o deve ser informado quando o endereáo da atividade de evento ocorrer no exterior do pa°s.;1;V;X;V;X;-;;;
366;NFSe/infNFSe/DPS/infDPS/serv/atvEvento/end/;endExt;Se o pais da prestaá∆o da atividade de evento foi informado (cPaisPrestacao foi informado), ent∆o o grupo de informaá‰es do endereáo no exterior deve ser informado.;;Obrig.;Rej.;E0402;O grupo de informaá‰es de endereáo da atividade de evento ocorrido no exterior deve ser informado quando o pa°s do local da prestaá∆o for informado na DPS.;1;V;X;V;X;-;;;
367;;;Se o munic°pio local da prestaá∆o da atividade de evento foi informado (cMunPrestacao foi informado), ent∆o o grupo de informaá‰es  do endereáo no exterior n∆o deve ser informado.;;Obrig.;Rej.;E0404;O grupo de informaá‰es de endereáo da atividade de evento ocorrido no exterior n∆o deve ser informado quando o munic°pio do local da prestaá∆o for informado na DPS.;1;V;X;V;X;-;;;
368;NFSe/infNFSe/DPS/infDPS/serv/atvEvento/end/endExt/;cEndPost;-;;-;-;-;-;-;-;-;-;-;-;;;
369;NFSe/infNFSe/DPS/infDPS/serv/atvEvento/end/endExt/;xCidade;-;;-;-;-;-;-;-;-;-;-;-;;;
370;NFSe/infNFSe/DPS/infDPS/serv/atvEvento/end/endExt/;xEstProvReg;-;;-;-;-;-;-;-;-;-;-;-;;;
371;NFSe/infNFSe/DPS/infDPS/serv/atvEvento/end/;xLgr;-;;-;-;-;-;-;-;-;-;-;-;;;
372;NFSe/infNFSe/DPS/infDPS/serv/atvEvento/end/;nro;-;;-;-;-;-;-;-;-;-;-;-;;;
373;NFSe/infNFSe/DPS/infDPS/serv/atvEvento/end/;xCpl;-;;-;-;-;-;-;-;-;-;-;-;;;
374;NFSe/infNFSe/DPS/infDPS/serv/atvEvento/end/;xBairro;-;;-;-;-;-;-;-;-;-;-;-;;;
375;NFSe/infNFSe/DPS/infDPS/serv;infoComplem;-;;-;-;-;-;-;-;-;-;-;-;;;
376;NFSe/infNFSe/DPS/infDPS/serv/;idDocTec;-;;-;-;-;-;-;-;-;-;-;-;;;
377;NFSe/infNFSe/DPS/infDPS/serv/;docRef;Quando o emitente da DPS for o tomador ou o intermedi†rio do serviáo (tpEmit = 2  ou 3, respectivamente) este campo deve ser obrigatoriamente informado.;;Obrig.;Rej.;E0420;O documento de referància deve ser obrigatoriamente informado quando o emitente da DPS for o tomador ou intermedi†rio do serviáo.;1;V;X;V;X;-;;;
378;NFSe/infNFSe/DPS/infDPS/serv/infoCompl/;xPed;-;;-;-;;-;-;-;-;-;-;-;;;
379;NFSe/infNFSe/DPS/infDPS/serv/infoCompl/;gItemPed;-;;-;-;;-;-;-;-;-;-;-;;;
380;NFSe/infNFSe/DPS/infDPS/serv/infoCompl/gItemPed/;xItemPed;-;;-;-;;-;-;-;-;-;-;-;;;
381;NFSe/infNFSe/DPS/infDPS/serv/;xInfComp;-;;-;-;;-;-;-;-;-;-;-;;;
382;NFSe/infNFSe/DPS/infDPS/;valores;-;;-;-;;-;-;-;-;-;-;-;;;
383;NFSe/infNFSe/DPS/infDPS/valores/;vServPrest;-;;-;-;;-;-;-;-;-;-;-;;;
384;NFSe/infNFSe/DPS/infDPS/valores/vServPrest/;vReceb;O valor recebido deve ser informado na DPS quando o intermedi†rio do serviáo for o emitente da DPS (tpEmit = 3).;;Obrig.;Rej.;E0423;O valor recebido deve ser informado na DPS quando o intermedi†rio do serviáo for o emitente da DPS.;1;V;X;V;X;-;;;
385;;;"O valor recebido n∆o deve ser informado na DPS quando o prestador ou tomador do serviáo for o emitente da DPS 
(tpEmit = 1 ou tpEmit = 2).";;Obrig.;Rej.;E0424;O valor recebido n∆o deve ser informado na DPS quando o prestador ou tomador do serviáo for o emitente da DPS.;1;V;X;V;X;-;;;
386;;;O valor recebido n∆o pode ser menor que o valor do serviáo informado na DPS.;;Obrig.;Rej.;E0425;O valor recebido n∆o pode ser menor que o valor do serviáo informado na DPS.;1;V;X;V;X;-;;;
387;NFSe/infNFSe/DPS/infDPS/valores/vServPrest/;vServ;"vDR Ç:
um valor informado pelo emitente para deduá∆o/reduá∆o da BC do ISSQN;

vCalcDR Ç:
o c†lculo do valor de deduá∆o/reduá∆o da BC do ISSQN:

1) Quando o valor de deduá∆o/reduá∆o for apurado a partir de um percentual informado na DPS, calcular este percentual sobre o valor do serviáo j† abatido o valor do desconto incondicionado.
Ex: 
Valor de deduá∆o/reduá∆o = (Valor do serviáo - valor desconto incodicional) x 
% de deduá∆o/reduá∆o.

VServ >= desconto incondicionado + Valor de deduá∆o/reduá∆o

2) Quando um ou mais documentos s∆o informados pelo emitente na DPS para deduá∆o/reduá∆o da BC do ISSQN. 
Neste caso o resultado do somat¢rio Ç o valor deste campo do leiaute NFS-e;

---------------------------

vInfoBM Ç:
um valor informado pelo emitente para reduzir a BC do ISSQN;

VCalcBM Ç:
o c†lculo do valor de reduá∆o da BC do ISSQN a partir de benef°cio municipal:

1) Quando o valor do benef°cio municipal for apurado a partir de um percentual parametrizado para reduá∆o da base de c†lculo, aplicar o percentual parametrizado sobre o valor do serviáo j† abatidos os valores do desconto incondicionado e deduá∆o/reduá∆o.

Ex: 
Valor de benef°cio municipal = (Valor do serviáo - valor desconto incodicional - valor de deduá∆o/reduá∆o) x % de benef°cio municipal.

VServ >= desconto incondicionado + Valor de deduá∆o/reduá∆o + valor de benef°cio municipal.

2) Quando um valor monet†rio de benef°cio municipal Ç informado pelo emitente na DPS para reduá∆o da BC do ISSQN.";"O valor do serviáo deve ser maior ou igual ao somat¢rio dos valores informados para Desconto Incondicionado, Deduá‰es/Reduá‰es e Benef°cio Municipal.

Valor do Serviáo >= Desconto Incondicionado + Deduá‰es/Reduá‰es + Benef°cio Municipal

vServ >= descIncond + (vDR ou vCalcDR) + (vRedBCBM ou VCalcBM)";Obrig.;Rej.;E0427;O valor do serviáo deve ser maior ou igual ao somat¢rio dos valores informados para Desconto Incondicionado, Deduá‰es/Reduá‰es e Benef°cio Municipal.;2;V;X;V;X;-;;;
388;;;;"O valor do serviáo deve ser maior ou igual ao somat¢rio dos valores informados para Desconto Incondicionado, Desconto Condicionado, Deduá‰es/Reduá‰es, Benef°cio Municipal, valores de tributos devidos (CP, IRRF, CSLL), e valores dos tributos se retidos (PIS, COFINS, ISSQN).

Valor do serviáo >= Desconto condicionado + Desconto incondicionado + (CP, IRRF, CSLL)* + Valores, se retidos (ISSQN, PIS, COFINS)**

vServ >= vDescIncond + vDescCond + (vRetCP + vRetIRRF + vRetCSLL)* + vISSQN**

*Para o resultado do Valor L°quido o CP, IRRF e CSLL ser∆o sempre subtra°dos, se constarem na DPS, pois sempre s∆o retidos.

**Para o resultado do Valor L°quido o ISSQN, somente ser† subtra°do quando for retido.";Obrig.;Rej.;E0428;O valor do serviáo deve ser maior ou igual ao somat¢rio dos valores informados para Desconto Incondicionado, Desconto Condicionado, Deduá‰es/Reduá‰es, Benef°cio Municipal, valores de tributos devidos CP, IRRF, CSLL e ISSQN se o valor deste tributo for retido.;2;V;X;V;X;-;;;
389;;;;"O ISSQN n∆o pode ser objeto de reduá∆o de base de c†lculo que resulte em carga tribut†ria menor que a decorrente da aplicaá∆o da al°quota m°nima de 2,0% do valor do serviáo, exceto para os serviáos a que se referem os subitens:
042201, 042301, 050901, 070201, 070202, 070501 , 070502, 090201, 090202, 100101, 100102, 100103, 100104, 100105, 100201, 100202, 100301, 100401, 100402, 100403, 100501, 100502, 100601, 100701, 100801, 100901, 101001, 150101, 150102, 150103, 150104, 150105, 151001, 151002, 151003, 151004, 151005, 160101, 160102, 160103, 160104, 160201, 170501, 170601, 171001, 171002, 171101, 171102, 171201, 210101, 250301.

O valor da base de c†lculo do ISSQN da NFS-e Ç encontrada a partir de valores que constam na DPS atravÇs do seguinte c†lculo:

Valor da Base de C†lculo do ISSQN = Valor do Serviáo - Deduá‰es/Reduá‰es - Benef°cio Municipal

vBC = vServ - (vDR ou vCalcDR) - (vInfoBM ou VCalcBM)";Obrig.;Rej.;E0429;O ISSQN n∆o pode ser objeto de reduá∆o de base de c†lculo que resulte em carga tribut†ria menor que a decorrente da aplicaá∆o da al°quota m°nima de 2,0% do valor do serviáo, exceto para os serviáos a que se referem aos subitens 042201, 042301, 050901, 070201, 070202, 070501 , 070502, 090201, 090202, 100101, 100102, 100103, 100104, 100105, 100201, 100202, 100301, 100401, 100402, 100403, 100501, 100502, 100601, 100701, 100801, 100901, 101001, 150101, 150102, 150103, 150104, 150105, 151001, 151002, 151003, 151004, 151005, 160101, 160102, 160103, 160104, 160201, 170501, 170601, 171001, 171002, 171101, 171102, 171201, 210101, 250301, da lista de serviáos nacional do Sistema Nacional NFS-e.;2;V;X;V;X;-;;;
390;NFSe/infNFSe/DPS/infDPS/valores/;vDescCondIncond;-;;-;-;-;-;-;-;-;-;-;-;;;
391;NFSe/infNFSe/DPS/infDPS/valores/vDescCondIncond/;vDescIncond;Verificar o valor do desconto incondicionado informado na DPS que deve ser menor que o valor do serviáo e maior que zero.;;Obrig.;Rej.;E0431;O valor do desconto incondicionado informado na DPS deve ser menor que o valor do serviáo e maior que zero.;2;V;X;V;X;-;;;
392;NFSe/infNFSe/DPS/infDPS/valores/vDescCondIncond/;vDescCond;Verificar se o valor do desconto condicionado informado na DPS deve ser menor que o valor do serviáo e maior que zero.;;Obrig.;Rej.;E0432;O valor do desconto condicionado informado na DPS deve ser menor que o valor do serviáo e maior que zero.;2;V;X;V;X;-;;;
393;NFSe/infNFSe/DPS/infDPS/valores/;vDedRed;"N∆o Ç permitido o preenchimento dos campos do grupo de informaá‰es relativas Ö Deduá∆o/Reduá∆o para o ISSQN quando ocorrer ""Imunidade"" (tribISSQN = 2), ""Exportaá∆o de serviáo"" (tribISSQN = 3) ou ""N∆o incidància"" (tribISSQN = 4), ou seja, tpRetISSQN tem que ser igual a 1 (tpRetISSQN = 1).";;Obrig.;Rej.;E0435;N∆o Ç permitido o preenchimento dos campos do grupo de informaá‰es relativas Ö Deduá∆o/Reduá∆o do ISSQN quando ocorrer Imunidade, Exportaá∆o do serviáo ou N∆o incidància.;2;V;X;V;X;-;;;
394;;;N∆o Ç permitido o preenchimento dos campos do grupo de informaá‰es relativas Ö Deduá∆o/Reduá∆o para o ISSQN quando o prestador do serviáo Ç MEI (opSimpNac = 2).;;Obrig.;Rej.;E0436;N∆o Ç permitido o preenchimento dos campos do grupo de informaá‰es relativas Ö Deduá∆o/Reduá∆o do ISSQN quando o prestador de serviáo Ç MEI.;2;V;X;V;X;-;;;
395;;;N∆o Ç permitido o preenchimento dos campos do grupo de informaá‰es relativas Ö Deduá∆o/Reduá∆o para o ISSQN, quando o prestador de serviáo tiver um regime especial de tributaá∆o, ou seja, o campo que indica o regime especial de tributaá∆o Ç diferente de 0, (regEspTrib = 1, 2, 3, 4, 5, 6 ou 9).;;Obrig.;Rej.;E0438;N∆o Ç permitido o preenchimento dos campos do grupo de informaá‰es relativas Ö Deduá∆o/Reduá∆o do ISSQN, quando o prestador de serviáo tiver algum regime especial de tributaá∆o.;2;V;X;V;X;-;;;
396;;;"N∆o Ç permitido o preenchimento dos campos do grupo de informaá‰es relativas Ö Deduá∆o/Reduá∆o para o ISSQN, quando o benef°cio municipal informado na DPS for do tipo ""Isená∆o"".";;Obrig.;Rej.;E0439;"N∆o Ç permitido o preenchimento dos campos do grupo de informaá‰es relativas Ö Deduá∆o/Reduá∆o do ISSQN, quando o benef°cio municipal informado na DPS for do tipo ""Isená∆o"".";2;V;X;V;X;-;;;
397;;;"Se o prestador de serviáo n∆o for optante do Simples Nacional (opSimpNac = 1) e a situaá∆o do convànio do munic°pio de incidància do ISSQN no Sistema Nacional NFS-e for ""Ativo"", ent∆o o sistema permite informaá‰es de deduá∆o/reduá∆o, conforme admiss‰es dos tipos de deduá∆o/reduá∆o nas parametrizaá‰es dos respectivos c¢digos de serviáo administrado pelo municipio de incidància do ISSQN no Sistema Nacional NFS-e.";;Obrig.;Rej.;E0440;O tipo de deduá∆o/reduá∆o informado na DPS n∆o Ç permitida pelo munic°pio de incidància do ISSQN, conforme parametrizaá‰es do c¢digo de serviáo do munic°pio de incidància.;2;V;X;X;X;-;;;
398;;;"Se o prestador do serviáo Ç ME/EPP (opSimpNac = 3), o regime de apuraá∆o ocorre pelo SN (regApTribSN = 1) e o municipio de incidància est† ""Ativo"", 
ent∆o n∆o Ç permitido o preenchimento dos campos do grupo de informaá‰es relativas Ö Deduá∆o/Reduá∆o, 
exceto quando o c¢digo de tributaá∆o nacional (cTribNac) corresponder aos subitens:
042201, 042301, 050901, 060101, 060201, 070201, 070202, 070501 ,070502, 090201, 090202, 100101, 100102, 100103, 100104, 100105, 100201, 100202, 100301, 100401, 100402, 100403, 100501, 100502, 100601, 100701, 100801, 100901, 101001, 150101, 150102, 150103, 150104, 150105, 151001, 151002, 151003, 151004, 151005, 160201, 170501, 170601, 171001, 171002, 171101, 171102, 171201, 210101, 250301.

Neste cen†rio, o sistema verifica a parametrizaá∆o e permite o preenchimento das informaá‰es conforme admiss‰es dos tipos de deduá∆o/reduá∆o nas parametrizaá‰es destes respectivos c¢digos de serviáo acima listados, administradas pelo municipio de incidància do ISSQN no Sistema Nacional NFS-e.";;Obrig.;Rej.;E0441;N∆o Ç permitido o preenchimento de informaá‰es relativas Ö Deduá∆o/Reduá∆o para o prestador de serviáo ME/EPP, apurando pelo SN conforme parametrizaá∆o do c¢digo de serviáo admnistrado pelo municipio de incidància do ISSQN.;2;V;X;X;X;-;;;
399;;;"Se o prestador do serviáo Ç ME/EPP (opSimpNac = 3), o regime de apuraá∆o ocorre pelo SN (regApTribSN = 1) e o municipio de incidància n∆o est† ""Ativo"", 
ent∆o n∆o Ç permitido o preenchimento dos campos do grupo de informaá‰es relativas Ö Deduá∆o/Reduá∆o, 
exceto quando o c¢digo de tributaá∆o nacional (cTribNac) corresponder aos subitens:
042201, 042301, 050901, 060101, 060201, 070201, 070202, 070501 ,070502, 090201, 090202, 100101, 100102, 100103, 100104, 100105, 100201, 100202, 100301, 100401, 100402, 100403, 100501, 100502, 100601, 100701, 100801, 100901, 101001, 150101, 150102, 150103, 150104, 150105, 151001, 151002, 151003, 151004, 151005, 160201, 170501, 170601, 171001, 171002, 171101, 171102, 171201, 210101, 250301.";;Obrig.;Rej.;E0442;O tipo de deduá∆o/reduá∆o informado na DPS n∆o Ç permitida para o prestador de serviáo ME/EPP, apurando pelo SN.;2;V;X;V;X;-;;;
400;NFSe/infNFSe/DPS/infDPS/valores/vDedRed/;pDR;Se informado, o valor percentual para deduá∆o/reduá∆o deve ser maior 0 e menor ou igual a 100%.;;Obrig.;Rej.;E0453;O valor percentual para deduá∆o/reduá∆o deve ser maior que 0 e menor ou igual a 100%.;1;V;X;V;X;-;;;
401;;;C¢digo de serviáo informado na DPS n∆o permite deduá∆o/reduá∆o na base de c†lculo do ISSQN por percentual, conforme parametrizaá∆o do munic°pio de incidància conveniado ao Sistema Nacional NFS-e.;;Obrig.;Rej.;E0454;C¢digo de serviáo informado na DPS n∆o permite deduá∆o/reduá∆o na base de c†lculo do ISSQN por percentual.;3;V;X;X;X;-;;;
402;;;"O valor percentual  de deduá∆o/reduá∆o informado na DPS n∆o pode reduzir o valor da BC de forma que resulte no valor do ISSQN a uma al°quota efetiva menor que 2%, exceto para os c¢digos relativos aos serviáos:
042201, 042301, 050901, 070201, 070202, 070501 , 070502, 090201, 090202, 100101, 100102, 100103, 100104, 100105, 100201, 100202, 100301, 100401, 100402, 100403, 100501, 100502, 100601, 100701, 100801, 100901, 101001, 150101, 150102, 150103, 150104, 150105, 151001, 151002, 151003, 151004, 151005, 160101, 160102, 160103, 160104, 160201, 170501, 170601, 171001, 171002, 171101, 171102, 171201, 210101, 250301.";;Obrig.;Rej.;E0444;O valor percentual  de deduá∆o/reduá∆o informado na DPS n∆o pode reduzir o valor da BC de forma que resulte no valor do ISSQN a uma al°quota efetiva menor que 2%, exceto para os c¢digos relativos aos subitens 042201, 042301, 050901, 070201, 070202, 070501 , 070502, 090201, 090202, 100101, 100102, 100103, 100104, 100105, 100201, 100202, 100301, 100401, 100402, 100403, 100501, 100502, 100601, 100701, 100801, 100901, 101001, 150101, 150102, 150103, 150104, 150105, 151001, 151002, 151003, 151004, 151005, 160101, 160102, 160103, 160104, 160201, 170501, 170601, 171001, 171002, 171101, 171102, 171201, 210101, 250301, da lista de serviáos nacional do Sistema Nacional NFS-e.;2;V;X;X;X;O valor do desconto incondicionado, se informado na DPS, n∆o Ç considerado para a reduá∆o do valor da BC de forma que resulte para valor do ISSQN a uma al°quota efetiva menor que 2%.;;;
403;NFSe/infNFSe/DPS/infDPS/valores/vDedRed/;vDR;C¢digo de serviáo informado na DPS n∆o permite deduá∆o/reduá∆o na base de c†lculo do ISSQN por valor monet†rio, conforme parametrizaá∆o do munic°pio de incidància conveniado ao Sistema Nacional NFS-e.;;Obrig.;Rej.;E0446;C¢digo de serviáo informado na DPS n∆o permite deduá∆o/reduá∆o na base de c†lculo do ISSQN por valor monet†rio.;3;V;X;X;X;-;;;
404;;;"O valor de deduá∆o/reduá∆o informado na DPS n∆o pode reduzir o valor da BC de forma que resulte no valor do ISSQN a uma al°quota efetiva menor que 2%, exceto para os c¢digos relativos aos serviáos:
042201, 042301, 050901, 070201, 070202, 070501 , 070502, 090201, 090202, 100101, 100102, 100103, 100104, 100105, 100201, 100202, 100301, 100401, 100402, 100403, 100501, 100502, 100601, 100701, 100801, 100901, 101001, 150101, 150102, 150103, 150104, 150105, 151001, 151002, 151003, 151004, 151005, 160101, 160102, 160103, 160104, 160201, 170501, 170601, 171001, 171002, 171101, 171102, 171201, 210101, 250301.";;Obrig.;Rej.;E0447;O valor de deduá∆o/reduá∆o informado na DPS n∆o pode reduzir o valor da BC de forma que resulte no valor do ISSQN a uma al°quota efetiva menor que 2%, exceto para os c¢digos relativos aos subitens 042201, 042301, 050901, 070201, 070202, 070501 , 070502, 090201, 090202, 100101, 100102, 100103, 100104, 100105, 100201, 100202, 100301, 100401, 100402, 100403, 100501, 100502, 100601, 100701, 100801, 100901, 101001, 150101, 150102, 150103, 150104, 150105, 151001, 151002, 151003, 151004, 151005, 160101, 160102, 160103, 160104, 160201, 170501, 170601, 171001, 171002, 171101, 171102, 171201, 210101, 250301, da lista de serviáos nacional do Sistema Nacional NFS-e.;2;V;X;X;X;O valor do desconto incondicionado, se informado na DPS, n∆o Ç considerado para a reduá∆o do valor da BC de forma que resulte para valor do ISSQN a uma al°quota efetiva menor que 2%.;;;
405;NFSe/infNFSe/DPS/infDPS/valores/vDedRed/;documentos;C¢digo de serviáo informado na DPS n∆o permite deduá∆o/reduá∆o na base de c†lculo do ISSQN por documentos, conforme parametrizaá∆o do munic°pio de incidància conveniado ao Sistema Nacional NFS-e.;;Obrig.;Rej.;E0449;C¢digo de serviáo informado na DPS n∆o permite deduá∆o/reduá∆o na base de c†lculo do ISSQN por documento informado.;3;V;X;X;X;-;;;
406;NFSe/infNFSe/DPS/infDPS/valores/vDedRed/documentos;docDedRed;-;;-;-;-;-;-;-;-;-;-;-;;;
407;NFSe/infNFSe/DPS/infDPS/valores/vDedRed/documentos/docDedRed/;chNFSe;"Chave de NFS-e inv†lida.

1 - Verificar DV da chave de NFS-e informada neste campo desta DPS;";;Obrig.;Rej.;E0455;Informe uma chave de NFS-e v†lida.;1;V;X;V;X;-;;;
408;;;Chave de NFS-e inexistente.;;Obrig.;Rej.;E0456;NFS-e n∆o existe na base de dados do autorizador de NFS-e nacional. Informe uma chave de NFS-e existente.;1;V;X;V;X;-;;;
409;;;NFS-e da chave informada est† cancelada.;;Obrig.;Rej.;E0458;Uma NFS-e cancelada n∆o pode ser informada para deduá∆o/reduá∆o.;2;V;X;X;X;-;;;
410;NFSe/infNFSe/DPS/infDPS/valores/vDedRed/documentos/docDedRed/;chNFe;"Chave de NF-e inv†lida.

1 - Verificar DV da chave de NF-e informada neste campo desta DPS;";;Obrig.;Rej.;E0460;Informe uma chave de NF-e v†lida.;1;V;X;V;X;-;;;
411;;;Chave de NF-e inexistente.;;Obrig.;Rej.;E0462;NF-e n∆o existe na base de dados do autorizador de NF-e nacional. Informe uma chave de NF-e existente.;2;V;X;X;X;-;;;
412;;;NF-e da chave informada est† cancelada.;;Obrig.;Rej.;E0464;Uma NF-e cancelada n∆o pode ser informada para deduá∆o/reduá∆o.;2;V;X;X;X;-;;;
413;NFSe/infNFSe/DPS/infDPS/valores/vDedRed/documentos/docDedRed/;NFSeMun;-;;-;-;;-;-;-;-;-;-;-;;;
414;NFSe/infNFSe/DPS/infDPS/valores/vDedRed/documentos/docDedRed/NFSeMun/;cMunNFSeMun;O c¢digo do munic°pio informado para o documento de nota n∆o existe, conforme tabela de munic°pios do IBGE.;;Obrig.;Rej.;E0466;Informe um c¢digo de munic°pio existente para o documento de nota, conforme tabela de munic°pios do IBGE.;1;V;V;V;V;-;;;
415;NFSe/infNFSe/DPS/infDPS/valores/vDedRed/documentos/docDedRed/NFSeMun/;nNFSeMun;-;;-;-;;-;-;-;-;-;-;-;;;
416;NFSe/infNFSe/DPS/infDPS/valores/vDedRed/documentos/docDedRed/NFSeMun/;cVerifNFSeMun;-;;-;-;;-;-;-;-;-;-;-;;;
417;NFSe/infNFSe/DPS/infDPS/valores/vDedRed/documentos/docDedRed/;NFNFS;-;;-;-;;-;-;-;-;-;-;-;;;
418;NFSe/infNFSe/DPS/infDPS/valores/vDedRed/documentos/docDedRed/NFNFS/;nNFS;-;;-;-;;-;-;-;-;-;-;-;;;
419;NFSe/infNFSe/DPS/infDPS/valores/vDedRed/documentos/docDedRed/NFNFS/;modNFS;-;;-;-;;-;-;-;-;-;-;-;;;
420;NFSe/infNFSe/DPS/infDPS/valores/vDedRed/documentos/docDedRed/NFNFS/;serieNFS;-;;-;-;;-;-;-;-;-;-;-;;;
421;NFSe/infNFSe/DPS/infDPS/valores/vDedRed/documentos/docDedRed/;nDocFisc; ;;-;-;;-;-;-;-;-;-;-;;;
422;NFSe/infNFSe/DPS/infDPS/valores/vDedRed/documentos/docDedRed/;nDoc;-;;-;-;;-;-;-;-;-;-;-;;;
423;NFSe/infNFSe/DPS/infDPS/valores/vDedRed/documentos/docDedRed/;tpDedRed;-;;-;-;;-;-;-;-;-;-;-;;;
424;NFSe/infNFSe/DPS/infDPS/valores/vDedRed/documentos/docDedRed/;xDescOutDed;O campo de descriá∆o deve ser informado no caso de tpDedRed igual a 99 ? Outras deduá‰es.;;Obrig.;Rej.;E0468;Informar, obrigatoriamente, o campo de descriá∆o no caso ideDedRed igual a 99 ? Outras deduá‰es.;2;V;X;V;X;-;;;
425;;;O campo de descriá∆o n∆o deve ser informado no caso de tpDedRed diferente de 99 ? Outras deduá‰es.;;Obrig.;Rej.;E0470;N∆o informar o campo de descriá∆o no caso ideDedRed diferente a 99 ? Outras deduá‰es.;2;V;X;V;X;-;;;
426;NFSe/infNFSe/DPS/infDPS/valores/vDedRed/documentos/docDedRed/;dEmiDoc; A data de emiss∆o do documento informado na DPS n∆o pode ser posterior Ö data de competància da DPS.;;Obrig.;Rej.;E0472;A data de emiss∆o do documento informado na DPS n∆o pode ser posterior Ö data de competància da DPS.;1;V;X;V;X;-;;;
427;NFSe/infNFSe/DPS/infDPS/valores/vDedRed/documentos/docDedRed/;vDedutivelRedutivel;-;;-;-;-;-;-;-;-;-;-;-;;;
428;NFSe/infNFSe/DPS/infDPS/valores/vDedRed/documentos/docDedRed/;vDeducaoReducao;O valor de deduá∆o/reduá∆o n∆o pode ser superior ao valor dedut°vel/redut°vel.;;Obrig.;Rej.;E0474;O valor de deduá∆o/reduá∆o n∆o pode ser superior ao valor dedut°vel/redut°vel.;2;V;X;V;X;-;;;
429;;;O valor de deduá∆o/reduá∆o informado na DPS n∆o pode ser superior ao valor do serviáo.;;Obrig.;Rej.;E0476;O valor de deduá∆o/reduá∆o informado na DPS n∆o pode ser superior ao valor do serviáo.;2;V;X;V;X;-;;;
430;NFSe/infNFSe/DPS/infDPS/valores/vDedRed/documentos/docDedRed/;fornec;O grupo de informaá‰es para o fornecedor deve ser informado obrigatoriamente para todos os tipos de documentos informados, exceto para os tipos de documentos NFS-e e NF-e padr‰es nacionais.;;Obrig.;Rej.;E0477;O grupo de informaá‰es para o fornecedor deve ser informado obrigatoriamente para o tipo de documento de deduá∆o/reduá∆o informado na DPS.;2;V;X;V;X;-;;;
431;NFSe/infNFSe/DPS/infDPS/valores/vDedRed/documentos/docDedRed/fornec/;CNPJ;CNPJ informado na DPS Ç inv†lido (verificar DV).;;Obrig.;Rej.;E0478;CNPJ do fornecedor informado na DPS Ç inv†lido.;1;V;V;V;V;-;;;
432;;;CNPJ informado na DPS Ç inexistente no cadastro CNPJ.;;Obrig.;Rej.;E0482;CNPJ do fornecedor informado na DPS n∆o encontrado no cadastro CNPJ.;1;V;V;X;X;-;;;
433;NFSe/infNFSe/DPS/infDPS/valores/vDedRed/documentos/docDedRed/fornec/;CPF;CPF informado na DPS Ç inv†lido (verificar DV).;;Obrig.;Rej.;E0484;CPF do fornecedor informado na DPS Ç inv†lido.;1;V;V;V;V;-;;;
434;;;CPF informado na DPS Ç inexistente no cadastro CPF.;;Obrig.;Rej.;E0488;CPF do fornecedor informado na DPS n∆o encontrado no cadastro CPF.;1;V;V;X;X;-;;;
435;NFSe/infNFSe/DPS/infDPS/valores/vDedRed/documentos/docDedRed/fornec/;NIF;-;;-;-;-;-;-;-;-;-;-;-;;;
436;;;Se o grupo de informaá‰es de endereáo no exterior do fornecedor de serviáos foi informado ent∆o o NIF ou cNaoNIF do fornecedor deve ser informado.;;Obrig.;Rej.;E1538;O NIF ou cNaoNIF do fornecedor deve ser informado quando o grupo de informaá‰es de endereáo no exterior do fornecedor de serviáos for informado.;1;V;X;V;X;-;;;
437;NFSe/infNFSe/DPS/infDPS/valores/vDedRed/documentos/docDedRed/fornec/;cNaoNIF;;;;Rej.;;;;;;;;-;;;
438;;;Se o valor do campo cNaoNIF do fornecedor, informado na DPS, for 0, ent∆o a DPS deve ser rejeitada.;;Obrig.;Rej.;E0490;Valor 0 para o motivo da n∆o informaá∆o do NIF do fornecedor n∆o Ç permitido na Sefin do Sistema Nacional NFS-e.;2;V;X;X;X;-;;;
439;NFSe/infNFSe/DPS/infDPS/valores/vDedRed/documentos/docDedRed/fornec/;CAEPF;-;;-;-;-;-;-;-;-;-;-;-;;;
440;NFSe/infNFSe/DPS/infDPS/valores/vDedRed/documentos/docDedRed/fornec/;IM;-;;-;-;-;-;-;-;-;-;-;-;;;
441;NFSe/infNFSe/DPS/infDPS/valores/vDedRed/documentos/docDedRed/fornec/;xNome;-;;-;-;-;-;-;-;-;-;-;-;;;
442;NFSe/infNFSe/DPS/infDPS/valores/vDedRed/documentos/docDedRed/fornec/;endFornec;-;;-;-;-;-;-;-;-;-;-;-;;;
443;NFSe/infNFSe/DPS/infDPS/valores/vDedRed/documentos/docDedRed/fornec/end/;endNac;Se CNPJ ou CPF do fornecedor for informado, ent∆o o grupo de informaáoes de endereáo nacional do fornecedor deve ser informado obrigatoriamente.     ;;Obrig.;Rej.;E0492;O grupo de informaá‰es de endereáo nacional deve ser informado obrigatoriamente quando o fornecedor for identificado pelo CPF ou CNPJ.;1;V;X;V;X;-;;;
444;NFSe/infNFSe/DPS/infDPS/valores/vDedRed/documentos/docDedRed/fornec/end/endNac/;cMun;O c¢digo do munic°pio informado para o endereáo do fornecedor n∆o existe, conforme tabela de munic°pios do IBGE.;;Obrig.;Rej.;E0494;O c¢digo do munic°pio informado na DPS para o endereáo do fornecedor do serviáo n∆o existe conforme tabela de munic°pio do IBGE.;1;V;V;V;V;-;;;
445;NFSe/infNFSe/DPS/infDPS/valores/vDedRed/documentos/docDedRed/fornec/end/endNac/;CEP;O CEP informado deve existir e pertencer ao munic°pio correspondente ao c¢digo do munic°pio informado para o endereáo do fornecedor.;;Obrig.;Rej.;E0496;O CEP informado para o endereáo nacional do fornecedor n∆o existe ou n∆o pertence ao munic°pio do endereáo do fornecedor.;1;V;X;V;X;-;;;
446;NFSe/infNFSe/DPS/infDPS/valores/vDedRed/documentos/docDedRed/fornec/end/;endExt;Se o NIF do fornecedor foi informado, ent∆o o grupo de informaá‰es de endereáo no exterior do fornecedor deve ser informado obrigatoriamente.;;Obrig.;Rej.;E0498;O grupo de informaá‰es de endereáo no exterior deve ser informado obrigatoriamente quando o fornecedor for identificado pelo NIF.;1;V;X;V;X;-;;;
447;NFSe/infNFSe/DPS/infDPS/valores/vDedRed/documentos/docDedRed/fornec/end/endExt/;cPais;O c¢digo de pa°s informado para o endereáo no exterior do fornecedor deve existir e ser diferente de Brasil (BR), conforme a tabela ISO2.;;Obrig.;Rej.;E0499;O c¢digo de pa°s informado para o endereáo no exterior do fornecedor n∆o existe ou Ç igual ao c¢digo do Brasil. Informe um c¢digo de pa°s existente e diferente do codigo do Brasil (BR) para o endereáo no exterior do fornecedor, conforme tabela de pa°s do ANEXO_A-MUNICIPIO_IBGE-PAISES_ISO2-SNNFSe-ESPEC.;1;V;V;V;V;-;;;
448;NFSe/infNFSe/DPS/infDPS/valores/vDedRed/documentos/docDedRed/fornec/end/endExt/;cEndPost;-;;-;-;-;-;-;-;-;-;-;-;;;
449;NFSe/infNFSe/DPS/infDPS/valores/vDedRed/documentos/docDedRed/fornec/end/endExt/;xCidade;-;;-;-;-;-;-;-;-;-;-;-;;;
450;NFSe/infNFSe/DPS/infDPS/valores/vDedRed/documentos/docDedRed/fornec/end/endExt/;xEstProvReg;-;;-;-;-;-;-;-;-;-;-;-;;;
451;NFSe/infNFSe/DPS/infDPS/valores/vDedRed/documentos/docDedRed/fornec/endFornec/;xLgr;-;;-;-;-;-;-;-;-;-;-;-;;;
452;NFSe/infNFSe/DPS/infDPS/valores/vDedRed/documentos/docDedRed/fornec/endFornec/;nro;-;;-;-;-;-;-;-;-;-;-;-;;;
453;NFSe/infNFSe/DPS/infDPS/valores/vDedRed/documentos/docDedRed/fornec/endFornec/;xCpl;-;;-;-;-;-;-;-;-;-;-;-;;;
454;NFSe/infNFSe/DPS/infDPS/valores/vDedRed/documentos/docDedRed/fornec/endFornec/;xBairro;-;;-;-;-;-;-;-;-;-;-;-;;;
455;NFSe/infNFSe/DPS/infDPS/valores/vDedRed/documentos/docDedRed/fornec/;fone;-;;-;-;;-;-;-;-;-;-;-;;;
456;NFSe/infNFSe/DPS/infDPS/valores/vDedRed/documentos/docDedRed/fornec/;email;-;;-;-;;-;-;-;-;-;-;-;;;
457;NFSe/infNFSe/DPS/infDPS/valores/;trib;-;;-;-;-;-;-;-;-;-;-;-;;;
458;NFSe/infNFSe/DPS/infDPS/valores/trib/;tribMun;-;;-;-;-;-;-;-;-;-;-;-;;;
459;NFSe/infNFSe/DPS/infDPS/valores/trib/tribMun/;tribISSQN;"N∆o Ç permitido ao emitente informar se tratar de uma situaá∆o de exportaá∆o de serviáo (tribISSQN = 3) para os cen†rios 6, 10, 34, 38, 66, 80, conforme a planilha ""EXPORTACAO_EMISS«O_NFS-e"".";;Obrig.;Rej.;E0529;O sistema considera este cen†rio para a prestaá∆o de serviáo informada na DPS uma operaá∆o tribut†vel. N∆o Ç permitido ao emitente da DPS informar que a prestaá∆o de serviáo se trata de uma exportaá∆o de serviáo.;2;V;X;V;X;"Os campos a serem verificados conforme os cen†rios s∆o:
6
NFSe/infNFSe/DPS/infDPS/toma/end/endNac/cMun
NFSe/infNFSe/DPS/infDPS/interm/end/endNac/cMun
NFSe/infNFSe/DPS/infDPS/serv/locPrest/cLocPrestacao
NFSe/infNFSe/DPS/infDPS/serv/cServ/cTribNac
Resultado do local de incidància = ET 
NFSe/infNFSe/DPS/infDPS/valores/trib/tribMun/tribISSQN
tribISSQN = 3 (Exportaá∆o de Serviáo)

10
NFSe/infNFSe/DPS/infDPS/toma/end/endNac/cMun
NFSe/infNFSe/DPS/infDPS/interm/end/endNac/cMun
NFSe/infNFSe/DPS/infDPS/serv/locPrest/cLocPrestacao
NFSe/infNFSe/DPS/infDPS/serv/cServ/cTribNac
Resultado do local de incidància = LP 
NFSe/infNFSe/DPS/infDPS/valores/trib/tribMun/tribISSQN
tribISSQN = 3 (Exportaá∆o de Serviáo)

34
NFSe/infNFSe/DPS/infDPS/toma/end/endNac/cMun
NFSe/infNFSe/DPS/infDPS/interm/end/endExt/cPais
NFSe/infNFSe/DPS/infDPS/serv/locPrest/cLocPrestacao
NFSe/infNFSe/DPS/infDPS/serv/cServ/cTribNac
Resultado do local de incidància = ET  
NFSe/infNFSe/DPS/infDPS/valores/trib/tribMun/tribISSQN
tribISSQN = 3 (Exportaá∆o de Serviáo)

38
NFSe/infNFSe/DPS/infDPS/toma/end/endNac/cMun
NFSe/infNFSe/DPS/infDPS/interm/end/endExt/cPais
NFSe/infNFSe/DPS/infDPS/serv/locPrest/cLocPrestacao
NFSe/infNFSe/DPS/infDPS/serv/cServ/cTribNac
Resultado do local de incidància = LP 
NFSe/infNFSe/DPS/infDPS/valores/trib/tribMun/tribISSQN
tribISSQN = 3 (Exportaá∆o de Serviáo)

66
NFSe/infNFSe/DPS/infDPS/toma/end/endExt/cPais
NFSe/infNFSe/DPS/infDPS/interm/end/endNac/cMun
NFSe/infNFSe/DPS/infDPS/serv/locPrest/cLocPrestacao
NFSe/infNFSe/DPS/infDPS/serv/cServ/cTribNac
Resultado do local de incidància = LP 
NFSe/infNFSe/DPS/infDPS/valores/trib/tribMun/tribISSQN
tribISSQN = 3 (Exportaá∆o de Serviáo)

80
NFSe/infNFSe/DPS/infDPS/toma/end/endExt/cPais
NFSe/infNFSe/DPS/infDPS/interm/end/endExt/cPais
NFSe/infNFSe/DPS/infDPS/serv/locPrest/cLocPrestacao
NFSe/infNFSe/DPS/infDPS/serv/cServ/cTribNac
Resultado do local de incidància = LP 
NFSe/infNFSe/DPS/infDPS/valores/trib/tribMun/tribISSQN
tribISSQN = 3 (Exportaá∆o de Serviáo)
 ";;;
460;;;;;;;;;;;;;;;;;
461;;;"N∆o Ç permitido ao emitente informar se tratar de uma situaá∆o de operaá∆o tribut†vel (tribISSQN = 1) para os cen†rios 26, 54, 92, 96, 106, 110, conforme a planilha ""EXPORTACAO_EMISS«O_NFS-e"".";;Obrig.;Rej.;E0530;O sistema considera este cen†rio para a prestaá∆o de serviáo informada na DPS uma exportaá∆o de serviáo. N∆o Ç permitido ao emitente da DPS informar que a prestaá∆o de serviáo se trata de uma operaá∆o tribut†vel.;2;V;X;V;X;"Os campos a serem verificados conforme os cen†rios s∆o:

26
NFSe/infNFSe/DPS/infDPS/toma/end/endNac/cMun
NFSe/infNFSe/DPS/infDPS/interm/end/endNac/cMun
NFSe/infNFSe/DPS/infDPS/serv/locPrest/cLocPrestacao
NFSe/infNFSe/DPS/infDPS/serv/cServ/cTribNac
Resultado do local de incidància = EP 
NFSe/infNFSe/DPS/infDPS/valores/trib/tribMun/tribISSQN
tribISSQN = 3 (Exportaá∆o de Serviáo)

54
NFSe/infNFSe/DPS/infDPS/toma/end/endNac/cMun
NFSe/infNFSe/DPS/infDPS/interm/end/endExt/cPais
NFSe/infNFSe/DPS/infDPS/serv/locPrest/cLocPrestacao
NFSe/infNFSe/DPS/infDPS/serv/cServ/cTribNac
Resultado do local de incidància = EP 
NFSe/infNFSe/DPS/infDPS/valores/trib/tribMun/tribISSQN
tribISSQN = 3 (Exportaá∆o de Serviáo)

92
NFSe/infNFSe/DPS/infDPS/toma/end/endExt/cPais
NFSe/infNFSe/DPS/infDPS/interm/end/endNac/cMun
NFSe/infNFSe/DPS/infDPS/serv/locPrest/cLocPrestacao
NFSe/infNFSe/DPS/infDPS/serv/cServ/cTribNac
Resultado do local de incidància = EP 
NFSe/infNFSe/DPS/infDPS/valores/trib/tribMun/tribISSQN
tribISSQN = 3 (Exportaá∆o de Serviáo)

96
NFSe/infNFSe/DPS/infDPS/toma/end/endExt/cPais
NFSe/infNFSe/DPS/infDPS/interm/end/endNac/cMun
NFSe/infNFSe/DPS/infDPS/serv/locPrest/cLocPrestacao
NFSe/infNFSe/DPS/infDPS/serv/cServ/cTribNac
Resultado do local de incidància = ET
NFSe/infNFSe/DPS/infDPS/valores/trib/tribMun/tribISSQN
tribISSQN = 3 (Exportaá∆o de Serviáo)

106
NFSe/infNFSe/DPS/infDPS/toma/end/endExt/cPais
NFSe/infNFSe/DPS/infDPS/interm/end/endExt/cPais
NFSe/infNFSe/DPS/infDPS/serv/locPrest/cLocPrestacao
NFSe/infNFSe/DPS/infDPS/serv/cServ/cTribNac
Resultado do local de incidància = EP
NFSe/infNFSe/DPS/infDPS/valores/trib/tribMun/tribISSQN
tribISSQN = 3 (Exportaá∆o de Serviáo)

110
NFSe/infNFSe/DPS/infDPS/toma/end/endExt/cPais
NFSe/infNFSe/DPS/infDPS/interm/end/endExt/cPais
NFSe/infNFSe/DPS/infDPS/serv/locPrest/cLocPrestacao
NFSe/infNFSe/DPS/infDPS/serv/cServ/cTribNac
Resultado do local de incidància = ET
NFSe/infNFSe/DPS/infDPS/valores/trib/tribMun/tribISSQN
tribISSQN = 3 (Exportaá∆o de Serviáo)
 ";;;
462;;;;;;;;;;;;;;;;;
463;;;Quando o serviáo prestado for 99.01.01 - Serviáos sem a incidància de ISSQN e ICMS n∆o h† incidància do ISSQN (tribISSQN = 4).;;Obrig.;Rej.;E0532;"O campo que informa sobre a tributaá∆o do ISSQN deve ser ""4 - N∆o Incidància"", quando houver o serviáo prestado for 99.01.01 - Serviáos sem a incidància de ISSQN e ICMS.";2;V;X;V;X;-;;;
464;;;Quando qualquer subitem da lista de serviáo nacional for incidente, conforme a parametrizaá∆o do munic°pio de incidància do ISSQN, n∆o Ç permitido informar n∆o incidància do ISSQN, ou seja, os valores permitidos para o campo tribISSQN s∆o: tribISSQN = 1, 2 ou 3.;;Obrig.;Rej.;E0539;N∆o Ç permitido informar n∆o incidància do ISSQN = 4 (N∆o Incidància) para qualquer subitem da lista nacional de serviáo informado na DPS, se o subitem for incidente, conforme a parametrizaá∆o do munic°pio de incidància do ISSQN.;2;V;X;X;X;;;;
465;;;Quando qualquer subitem da lista de serviáo nacional for n∆o incidente, conforme a parametrizaá∆o do munic°pio de incidància do ISSQN, Ç obrigat¢rio informar n∆o incidància do ISSQN, ou seja, o valor permitido para o campo tribISSQN Ç: tribISSQN = 4.;;Obrig.;Rej.;E0540;N∆o h† incidància do ISSQN (tribISSQN = 4) pois a parametrizaá∆o do munc°pio de incidància do ISSQN indica que o c¢digo de serviáo prestado, informado na DPS, n∆o Ç incidente neste munic°pio.;2;V;X;V;X;-;;;
466;NFSe/infNFSe/DPS/infDPS/valores/trib/tribMun/;cPaisResult;"Se, a tributaá∆o do ISSQN Ç igual Ö Exportaá∆o de serviáo e Local da Prestaá∆o do Serviáo Ç no Brasil e o Serviáo prestado tem incidància no Local do Estabelecimento do Prestador, conforme LC 116/03,
ou
Se, a tributaá∆o do ISSQN Ç igual Ö Exportaá∆o de serviáo e Local da Prestaá∆o do Serviáo Ç no Brasil e o Serviáo prestado tem incidància no Local do Estabelecimento do Tomador, conforme LC 116/03, e o Endereáo do Tomador do serviáo Ç no Exterior ou n∆o informado,
Ent∆o,
Ç obrigat¢rio informar o c¢digo do pa°s onde ocorreu o resultado do serviáo prestado.

obs: todos os cen†rios iguais a 2, 30, 58, 62, 72, 76, conforme a planilha ""EXPORTACAO_EMISS«O_NFS-e"".";;Obrig.;Rej.;E0590;"ê obrigat¢rio informar o c¢digo do pa°s onde ocorreu o resultado do serviáo prestado para os cen†rios 2, 30, 58, 62, 72, 76, conforme a planilha ""EXPORTACAO_EMISS«O_NFS-e"".";2;V;X;V;X;"Os campos a serem verificados conforme os cen†rios s∆o:
2
NFSe/infNFSe/DPS/infDPS/toma/end/endNac/cMun
NFSe/infNFSe/DPS/infDPS/interm/end/endNac/cMun
NFSe/infNFSe/DPS/infDPS/serv/locPrest/cLocPrestacao
NFSe/infNFSe/DPS/infDPS/serv/cServ/cTribNac
Resultado do local de incidància = EP 
NFSe/infNFSe/DPS/infDPS/valores/trib/tribMun/tribISSQN
tribISSQN = 3 (Exportaá∆o de Serviáo)

30
NFSe/infNFSe/DPS/infDPS/toma/end/endNac/cMun
NFSe/infNFSe/DPS/infDPS/interm/end/endExt/cPais
NFSe/infNFSe/DPS/infDPS/serv/locPrest/cLocPrestacao
NFSe/infNFSe/DPS/infDPS/serv/cServ/cTribNac
Resultado do local de incidància = EP 
NFSe/infNFSe/DPS/infDPS/valores/trib/tribMun/tribISSQN
tribISSQN = 3 (Exportaá∆o de Serviáo)

58
NFSe/infNFSe/DPS/infDPS/toma/end/endExt/cPais
NFSe/infNFSe/DPS/infDPS/interm/end/endNac/cMun
NFSe/infNFSe/DPS/infDPS/serv/locPrest/cLocPrestacao
NFSe/infNFSe/DPS/infDPS/serv/cServ/cTribNac
Resultado do local de incidància = EP 
NFSe/infNFSe/DPS/infDPS/valores/trib/tribMun/tribISSQN
tribISSQN = 3 (Exportaá∆o de Serviáo)

62
NFSe/infNFSe/DPS/infDPS/toma/end/endExt/cPais
NFSe/infNFSe/DPS/infDPS/interm/end/endNac/cMun
NFSe/infNFSe/DPS/infDPS/serv/locPrest/cLocPrestacao
NFSe/infNFSe/DPS/infDPS/serv/cServ/cTribNac
Resultado do local de incidància = ET
NFSe/infNFSe/DPS/infDPS/valores/trib/tribMun/tribISSQN
tribISSQN = 3 (Exportaá∆o de Serviáo)

72
NFSe/infNFSe/DPS/infDPS/toma/end/endExt/cPais
NFSe/infNFSe/DPS/infDPS/interm/end/endExt/cPais
NFSe/infNFSe/DPS/infDPS/serv/locPrest/cLocPrestacao
NFSe/infNFSe/DPS/infDPS/serv/cServ/cTribNac
Resultado do local de incidància = EP
NFSe/infNFSe/DPS/infDPS/valores/trib/tribMun/tribISSQN
tribISSQN = 3 (Exportaá∆o de Serviáo)

76
NFSe/infNFSe/DPS/infDPS/toma/end/endExt/cPais
NFSe/infNFSe/DPS/infDPS/interm/end/endExt/cPais
NFSe/infNFSe/DPS/infDPS/serv/locPrest/cLocPrestacao
NFSe/infNFSe/DPS/infDPS/serv/cServ/cTribNac
Resultado do local de incidància = ET
NFSe/infNFSe/DPS/infDPS/valores/trib/tribMun/tribISSQN
tribISSQN = 3 (Exportaá∆o de Serviáo)
 ";;;
467;;;"Se a tributaá∆o do ISSQN Ç diferente de Exportaá∆o de serviáo ou Local da Prestaá∆o do Serviáo Ç no Exterior ou o Serviáo prestado tem incidància no Local de Prestaá∆o, conforme LC 116/03,
ou
Se a tributaá∆o do ISSQN Ç igual Ö Exportaá∆o de serviáo e Local da Prestaá∆o do Serviáo Ç no Brasil e o Serviáo prestado tem incidància no Local do Estabelecimento do Tomador, conforme LC 116/03, e o Endereáo do Tomador do serviáo Ç no Brasil.

N∆o Ç permitido informar o c¢digo do pa°s onde ocorreu o resultado do serviáo prestado.

obs: todos os cen†rios diferentes de 2, 30, 58, 62, 72, 76, conforme a planilha ""EXPORTACAO_EMISS«O_NFS-e"".";;Obrig.;Rej.;E0591;"N∆o Ç permitido informar o c¢digo do pa°s onde ocorreu o resultado do serviáo prestado para os cen†rios diferentes de 2, 30, 58, 62, 72, 76 conforme a planilha ""EXPORTACAO_EMISS«O_NFS-e"".";2;V;X;V;X;;;;
468;NFSe/infNFSe/DPS/infDPS/valores/trib/tribMun/;tpImunidade;Obrigat¢rio e informado somente quando o campo referente Ö tributaá∆o do ISSQN for igual a 2 (tribISSQN = 2).;;Obrig.;Rej.;E0592;"O tipo de imunidade Ç obrigat¢rio e deve ser informado somente quando o campo referente Ö tributaá∆o do ISSQN for igual a ""2 - Imunidade"".";2;V;X;V;X;-;;;
469;;;"N∆o permitido o valor ""0 - Imunidade (tipo n∆o informado na nota de origem)"" na DPS quando utilizado os Emissores P£blicos Nacionais para emiss∆o de NFS-e.";;Obrig.;Rej.;E0593;"N∆o permitido o valor ""0 - Imunidade (tipo n∆o informado na nota de origem)"" na DPS quando utilizado os Emissores P£blicos Nacionais para emissao de NFS-e.";2;V;X;X;X;-;;;
470;NFSe/infNFSe/DPS/infDPS/valores/trib/tribMun/;exigSusp;"N∆o Ç permitido informar suspens∆o da exigibilidade do ISSQN por decis∆o judicial ou administrativa, quando o serviáo prestado for imune, exportaá∆o de serviáo ou n∆o incidància do ISSQN sobre o serviáo prestado, ou seja, o campo referente Ö tributaá∆o do ISSQN (tribISSQN) Ç igual a ""2 - Imunidade, ""3 - Exportaá∆o de Serviáo"" ou ""4 - N∆o Incidància"", (tribISSQN = 2, 3 ou 4).";;Obrig.;Rej.;E0585;"Somente Ç permitido informar suspens∆o de exigibilidade quando a opá∆o da tributaá∆o do ISSQN for uma operaá∆o tribut†vel 
(tribISSQN = 1).";2;V;X;V;X;-;;;
471;NFSe/infNFSe/DPS/infDPS/valores/trib/tribMun/exigSusp/;tpSusp;-;;-;-;-;-;-;-;-;-;-;-;;;
472;NFSe/infNFSe/DPS/infDPS/valores/trib/tribMun/exigSusp/;nProcesso;-;;-;-;-;-;-;-;-;-;-;-;;;
473;NFSe/infNFSe/DPS/valores/trib/tribMun/;BM;"N∆o Ç permitido informar BM quando o serviáo prestado for imune, exportaá∆o de serviáo ou n∆o incidància do ISSQN sobre o serviáo prestado, ou seja, o campo referente Ö tributaá∆o do ISSQN (tribISSQN) Ç igual a ""2 - Imunidade, ""3 - Exportaá∆o de Serviáo"" ou ""4 - N∆o Incidància"", (tribISSQN = 2, 3 ou 4).";;Obrig.;Rej.;E0533;N∆o Ç permitido informar Benef°cio Municipal (BM deve ser nulo) quando o serviáo prestado diferente de Tribut†vel (tribISSQN = 1), ou seja, tribISSQN = 2, 3 ou 4.;2;V;X;V;X;-;;;
474;;;N∆o Ç permitido o preenchimento dos campos do grupo de informaá‰es relativas ao Benef°cio Municipal quando o prestador do serviáo Ç MEI (opSimpNac = 2).;;Obrig.;Rej.;E0534;N∆o Ç permitido o preenchimento de informaá‰es relativas Ö benef°cio municipal para o prestador de serviáo MEI.;2;V;X;V;X;-;;;
475;;;N∆o Ç permitido informar benef°cio municipal quando o prestador de serviáo tiver um regime especial de tributaá∆o, ou seja, o campo que indica o regime especial de tributaá∆o Ç diferente de 0, (regEspTrib = 1, 2, 3, 4, 5, 6 ou 9).;;Obrig.;Rej.;E0535;N∆o Ç permitido informar benef°cio municipal quando o prestador de serviáo tiver um regime especial de tributaá∆o, ou seja, o campo que indica o regime especial de tributaá∆o Ç diferente de 0, (regEspTrib = 1, 2, 3, 4, 5, 6 ou 9).;2;V;X;V;X;-;;;
476;;;"Se o munic°pio de incidància do ISSQN n∆o est† ""Ativo"" no Sistema Nacional NFS-e, ent∆o n∆o Ç permitido informar benef°cio municipal.";;Obrig.;Rej.;E0537;"N∆o Ç permitido informar benef°cio municipal (BM deve ser nulo) quando o munic°pio de incidància do ISSQN n∆o est† ""Ativo"" no Sistema Nacional NFS-e.";2;V;X;V;X;-;;;
477;;;"Se o emitente da DPS for ME/EPP (opSimpNac = 3), apurando o ISSQN pelo Simples Nacional (regApTribSN = 1) e o munic°pio de incidància do ISSQN est† ""Ativo"" no Sistema Nacional NFS-e, ent∆o n∆o Ç permitido informar benef°cio municipal, ou seja, (nBM = nulo).

Obs: Exceto quando o c¢digo de tributaá∆o nacional corresponder aos subitens 07.02 e 07.05 da lista de serviáos do sistema nacional NFS-e. Cen†rio em que o sistema verifica se h† parametrizaá∆o de BM para o emitente da DPS.";;Obrig.;Rej.;E0536;N∆o Ç permitido o preenchimento de informaá‰es relativas Ö benef°cio municipal para o prestador de serviáo ME/EPP, apurando pelo SN, conforme parametrizaá∆o do c¢digo de serviáo admnistrado pelo municipio de incidància do ISSQN.;3;V;X;V;X;-;;;
478;NFSe/infNFSe/DPS/valores/trib/tribMun/BM/;nBM;O c¢digo de identificaá∆o do Benef°cio Municipal n∆o existente para municipio de incidància do ISSQN.;;Obrig.;Rej.;E0541;N∆o existe o c¢digo de identificaá∆o do benef°cio municipal informado na DPS para o municip°o de incidància do ISSQN.;3;V;X;X;X;-;;;
479;;;O c¢digo de identificaá∆o de Benef°cio Municipal do municip°o de incidància do ISSQN n∆o est† vigente na data de competància informada na DPS.;;Obrig.;Rej.;E0544;Per°odo de vigància expirado para o c¢digo de identificaá∆o do Benef°cio Municipal no municip°o de incidància do ISSQN para a data de competància informada na DPS.;3;V;X;X;X;-;;;
480;;;O c¢digo de indentificaá∆o de Benef°cio Municipal informado na DPS Ç restrita Ö prestadores de serviáo estabelecidos no munic°pio de incidància do ISSQN.;;Obrig.;Rej.;E0548;O Benef°cio Municipal informado na DPS n∆o permite benef°cio para prestadores de serviáo que n∆o estejam estabelecidos no munic°pio de incidància do ISSQN.;3;V;X;X;X;-;;;
481;;;O c¢digo de indentificaá∆o de Benef°cio Municipal, informada na DPS, n∆o permite benef°cio para o c¢digo de tributaá∆o e/ou prestador (CPF ou CNPJ) informado na DPS, conforme parametrizaá∆o do munic°pio de incidància do ISSQN.;;Obrig.;Rej.;E0550;O c¢digo de identificaá∆o de Benef°cio Municipal, informada na DPS, n∆o permite benef°cio para o c¢digo de tributaá∆o e/ou prestador (CPF ou CNPJ) informado na DPS, conforme parametrizaá∆o do munic°pio de incidància do ISSQN.;3;V;X;X;X;-;;;
482;NFSe/infNFSe/DPS/valores/trib/tribMun/BM/;vRedBCBM;Somente Ç permitido informar vRedBCBM quando o c¢digo de identificaá∆o do Benef°cio Municipal (nBM) for um benef°cio do tipo Reduá∆o de Base de C†lculo por Valor Monet†rio.;;Obrig.;Rej.;E0565;N∆o Ç permitido informar um valor monet†rio de reduá∆o de base de c†lculo do ISSQN por benef°cio municipal, se o c¢digo de identificaá∆o do Benef°cio Municipal n∆o corresponder ao tipo de reduá∆o por valor monet†rio.;3;V;X;X;X;-;;;
483;;;ê obrigat¢rio informar vRedBCBM quando o c¢digo de identificaá∆o do Benef°cio Municipal (nBM) for um benef°cio do tipo Reduá∆o de Base de C†lculo por Valor Monet†rio.;;Obrig.;Rej.;E0567;ê obrigat¢rio informar vRedBCBM quando o c¢digo de identificaá∆o do Benef°cio Municipal (nBM) for um benef°cio do tipo Reduá∆o de Base de C†lculo por Valor Monet†rio.;3;V;X;X;X;-;;;
484;;;O valor monet†rio do benef°cio municipal informado na DPS n∆o pode ser superior ao valor do preáo serviáo.;;Obrig.;Rej.;E0574;O valor monet†rio do benef°cio municipal informado na DPS n∆o pode ser superior ao valor do serviáo.;3;V;X;X;X;-;;;
485;;;"O valor monet†rio do benef°cio municipal informado na DPS n∆o pode reduzir o valor da BC de forma que resulte no valor do ISSQN a uma al°quota efetiva menor que 2%, exceto para os c¢digos relativos aos serviáos:
042201, 042301, 050901, 070201, 070202, 070501 , 070502, 090201, 090202, 100101, 100102, 100103, 100104, 100105, 100201, 100202, 100301, 100401, 100402, 100403, 100501, 100502, 100601, 100701, 100801, 100901, 101001, 150101, 150102, 150103, 150104, 150105, 151001, 151002, 151003, 151004, 151005, 160101, 160102, 160103, 160104, 160201, 170501, 170601, 171001, 171002, 171101, 171102, 171201, 210101, 250301.";;Obrig.;Rej.;E0575;O valor monet†rio do benef°cio municipal informado na DPS n∆o pode reduzir o valor da BC de forma que resulte no valor do ISSQN a uma al°quota efetiva menor que 2%, exceto para os c¢digos relativos aos subitens 042201, 042301, 050901, 070201, 070202, 070501 , 070502, 090201, 090202, 100101, 100102, 100103, 100104, 100105, 100201, 100202, 100301, 100401, 100402, 100403, 100501, 100502, 100601, 100701, 100801, 100901, 101001, 150101, 150102, 150103, 150104, 150105, 151001, 151002, 151003, 151004, 151005, 160101, 160102, 160103, 160104, 160201, 170501, 170601, 171001, 171002, 171101, 171102, 171201, 210101, 250301, da lista de serviáos nacional do Sistema Nacional NFS-e.;2;V;X;X;X;O valor do desconto incondicionado, se informado na DPS, n∆o Ç considerado para a reduá∆o do valor da BC de forma que resulte para valor do ISSQN a uma al°quota efetiva menor que 2%. (desconsiderar vCalcReepRepRes e vDescIncond);;;
486;NFSe/infNFSe/DPS/valores/trib/tribMun/BM/;pRedBCBM;Somente Ç permitido informar pRedBCBM quando o c¢digo de identificaá∆o do Benef°cio Municipal (nBM) for um benef°cio do tipo Reduá∆o de Base de C†lculo por percentual.;;Obrig.;Rej.;E0577;N∆o Ç permitido informar um valor percentual de reduá∆o de base de c†lculo do ISSQN por benef°cio municipal, se o c¢digo de identificaá∆o do Benef°cio Municipal n∆o corresponder ao tipo de reduá∆o por valor percentual.;3;V;X;X;X;-;;;
487;;;ê obrigat¢rio informar pRedBCBM quando o c¢digo de identificaá∆o do Benef°cio Municipal (nBM) for um benef°cio do tipo Reduá∆o de Base de C†lculo por percentual.;;Obrig.;Rej.;E0579;ê obrigat¢rio informar pRedBCBM quando o c¢digo de identificaá∆o do Benef°cio Municipal (nBM) for um benef°cio do tipo Reduá∆o de Base de C†lculo por percentual.;3;V;X;X;X;-;;;
488;;;O valor percentual para reduá∆o da base de c†lculo deve ser maior que 0 e menor ou igual ao percentual parametrizado pelo munic°pio de incidància do ISSQN.;;Obrig.;Rej.;E0586;O valor percentual para reduá∆o da base de c†lculo deve ser maior que 0 e menor ou igual ao percentual parametrizado pelo munic°pio de incidància do ISSQN.;3;V;X;X;X;-;;;
489;;;"O valor percentual do benef°cio municipal informado na DPS n∆o pode reduzir o valor da BC de forma que resulte no valor do ISSQN a uma al°quota efetiva menor que 2%, exceto para os c¢digos relativos aos serviáos:
042201, 042301, 050901, 070201, 070202, 070501 , 070502, 090201, 090202, 100101, 100102, 100103, 100104, 100105, 100201, 100202, 100301, 100401, 100402, 100403, 100501, 100502, 100601, 100701, 100801, 100901, 101001, 150101, 150102, 150103, 150104, 150105, 151001, 151002, 151003, 151004, 151005, 160101, 160102, 160103, 160104, 160201, 170501, 170601, 171001, 171002, 171101, 171102, 171201, 210101, 250301.";;Obrig.;Rej.;E0587;O valor percentual do benef°cio municipal informado na DPS n∆o pode reduzir o valor da BC de forma que resulte no valor do ISSQN a uma al°quota efetiva menor que 2%, exceto para os c¢digos relativos aos subitens 042201, 042301, 050901, 070201, 070202, 070501 , 070502, 090201, 090202, 100101, 100102, 100103, 100104, 100105, 100201, 100202, 100301, 100401, 100402, 100403, 100501, 100502, 100601, 100701, 100801, 100901, 101001, 150101, 150102, 150103, 150104, 150105, 151001, 151002, 151003, 151004, 151005, 160101, 160102, 160103, 160104, 160201, 170501, 170601, 171001, 171002, 171101, 171102, 171201, 210101, 250301, da lista de serviáos nacional do Sistema Nacional NFS-e.;2;V;X;X;X;O valor do desconto incondicionado, se informado na DPS, n∆o Ç considerado para a reduá∆o do valor da BC de forma que resulte para valor do ISSQN a uma al°quota efetiva menor que 2%.;;;
490;NFSe/infNFSe/DPS/infDPS/valores/trib/tribMun/; tpRetISSQN;"N∆o Ç permitido haver retená∆o do ISSQN (tpRetISSQN = 2 ou 3) quando o serviáo prestado for imune, exportaá∆o de serviáo ou n∆o incidància do ISSQN sobre o serviáo prestado, ou seja, o campo tpRetISSQ = 1 quando o campo referente Ö tributaá∆o do ISSQN (tribISSQN) Ç igual a ""2 - Imunidade, ""3 - Exportaá∆o de Serviáo"" ou ""4 - N∆o Incidància"", (tribISSQN = 2, 3 ou 4).";;Obrig.;Rej.;E0580;N∆o Ç permitido haver retená∆o quando o campo referente Ö tributaá∆o do ISSQN indicar imunidade, exportaá∆o ou n∆o incidància.;2;V;X;V;X;-;;;
491;;;Se o prestador do serviáo tiver opá∆o perante o Simples Nacional MEI (opSimpNac = 2) na data de competància informada na DPS, ent∆o n∆o Ç permitido ocorrer retená∆o do ISSQN (tpRetISSQN igual a 2 ou 3), ou seja, tpRetISSQN tem que ser igual a 1 (tpRetISSQN = 1).;;Obrig.;Rej.;E0583;N∆o Ç permitido retená∆o do ISSQN para o prestador do serviáo que seja MEI na data de competància informada na DPS.;2;V;X;X;X;-;;;
492;;;Se o prestador do serviáo tiver um regime especial de tributaá∆o (regEspTrib = 1, 2, 3, 4, 5, 6 ou 9) na data de competància informada na DPS, ent∆o n∆o Ç permitido ocorrer retená∆o do ISSQN (tpRetISSQN igual a 2 ou 3), ou seja, tpRetISSQN tem que ser igual a 1 (tpRetISSQN = 1).;;Obrig.;Rej.;E0588;N∆o Ç permitido retená∆o do ISSQN para o prestador do serviáo que tenha algum regime especial de tributaá∆o na data de competància informada na DPS.;2;V;X;V;X;-;;;
493;;;"Quando o benef°cio municipal informado na DPS for do tipo ""Isená∆o"", n∆o poder† ocorrer retená∆o do ISSQN 
(tpRetISSQN igual a 2 ou 3) ou seja, tpRetISSQN tem que ser igual a 1.";;Obrig.;Rej.;E0594;N∆o Ç permitido retená∆o do ISSQN quando houver Benef°cio Municipal do tipo Isená∆o.;2;V;X;V;X;-;;;
494;;;Quando o codigo de tributaá∆o nacional corresponder ao subitem 220101 da lista de serviáos do Sistema Nacional NFS-e, n∆o poder† ocorrer retená∆o do ISSQN (tpRetISSQN igual a 2 ou 3) ou seja, tpRetISSQN tem que ser igual a 1.;;Obrig.;Rej.;E0596;N∆o Ç permitido retená∆o do ISSQN quando o serviáo prestado corresponder ao subitem 220101 - Serviáo de exploraá∆o de rodovia da lista de serviáos do Sistema Nacional NFS-e.;2;V;X;V;X;-;;;
495;;;"Se o emitente da DPS for o tomador de serviáo (tpEmit = 2) e o prestador for identificado por NIF ou, 
na falta do NIF informado, o endereáo for no exterior e local da prestaá∆o no territ¢rio brasileiro 
(cLocPrestacao Ç preenchido), ent∆o a retená∆o do imposto devido deve ser realizada obrigatoriamente 
pelo tomador (tpRetISSQN = 2).";;Obrig.;Rej.;E0650;Em caso de importaá∆o de serviáo pelo tomador, o ISSQN deve ser retido pelo tomador.;2;V;X;V;X;-;;;
496;;;"Se o emitente da DPS for o intermedi†rio de serviáo (tpEmit = 3) e o prestador for identificado por NIF ou, 
na falta do NIF informado, o endereáo for no exterior e local da prestaá∆o no territ¢rio brasileiro 
(cLocPrestacao Ç preenchido), ent∆o a retená∆o do imposto devido deve ser realizada obrigatoriamente 
pelo tomador (tpRetISSQN = 3).";;Obrig.;Rej.;E0652;Em caso de importaá∆o de serviáo pelo intermedi†rio, o ISSQN deve ser retido pelo intermedi†rio.;2;V;X;V;X;-;;;
497;;;Verificar se o CPF informado como tomador na DPS (NFSe/infNFSe/DPS/infDPS/toma/CPF) est† previamente cadastrado para retená∆o do ISSQN na parametrizaá∆o do munic°pio de incidància do imposto.;;Obrig.;Rej.;E0667;Munic°pio da incidància do ISSQN n∆o autoriza que o CPF do tomador informado na DPS seja indicado para retená∆o deste imposto.;3;V;X;X;X;-;;;
498;;;Verificar se o CPF informado como intermedi†rio na DPS (NFSe/infNFSe/DPS/infDPS/interm/CPF) est† previamente cadastrado para retená∆o na parametrizaá∆o do munic°pio de incidància do imposto.;;Obrig.;Rej.;E0670;Munic°pio da incidància do ISSQN n∆o autoriza que o CPF do intermedi†rio informado na DPS seja indicado para retená∆o deste imposto.;3;V;X;X;X;-;;;
499;;;Se o tomador emitente da DPS (tpEmit = 2) for estabelecido em munic°pio diferente do munic°pio de incidància do ISSQN, ent∆o n∆o pode haver retená∆o (tpRetISSQN deve ser igual a 1).;;Obrig.;Rej.;E0672;N∆o pode haver retená∆o do ISSQN se e o tomador for o emitente da DPS e estiver estabelecido em munic°pio diferente do munic°pio de incidància do ISSQN.;2;V;X;V;X;-;;;
500;;;Se o intermedi†rio emitente da DPS (tpEmit = 3) for estabelecido em munic°pio diferente do munic°pio de incidància do ISSQN, ent∆o n∆o pode haver retená∆o (tpRetISSQN deve ser igual a 1).;;Obrig.;Rej.;E0673;N∆o pode haver retená∆o do ISSQN se e o intermedi†rio for o emitente da DPS e estiver estabelecido em munic°pio diferente do munic°pio de incidància do ISSQN.;2;V;X;V;X;-;;;
501;NFSe/infNFSe/DPS/infDPS/valores/trib/tribMun/;pAliq;N∆o Ç permitido informar al°quota superior a 5%.;;Obrig.;Rej.;E0595;N∆o Ç permitido informar al°quota superior a 5%.;2;V;X;V;X;-;;;
502;;;N∆o Ç permitido informar al°quota quando o prestador Ç optante do simples nacional do tipo MEI (opSimpNac = 2).;;Obrig.;Rej.;E0600;N∆o Ç permitido informar a al°quota para prestador de serviáo optante do simples nacional do tipo MEI.;2;V;X;V;X;-;;;
503;;;"N∆o Ç permitido informar al°quota quando o serviáo prestado for imune, exportaá∆o de serviáo ou n∆o incidància do ISSQN sobre o serviáo prestado, ou seja, o campo referente Ö tributaá∆o do ISSQN (tribISSQN) Ç igual a ""2 - Imunidade, ""3 - Exportaá∆o de Serviáo"" ou ""4 - N∆o Incidància"", (tribISSQN = 2, 3 ou 4).";;Obrig.;Rej.;E0602;N∆o Ç permitido informar al°quota quando o campo referente Ö tributaá∆o do ISSQN indicar imunidade, exportaá∆o ou n∆o incidància.;2;V;X;V;X;-;;;
504;;;N∆o Ç permitido informar al°quota quando o prestador de serviáo tiver um regime especial de tributaá∆o, ou seja, o campo que indica o regime especial de tributaá∆o Ç diferente de 0, (regEspTrib = 1, 2, 3, 4, 5, 6 ou 9).;;Obrig.;Rej.;E0604;N∆o Ç permitido informar al°quota quando o prestador de serviáo possui algum regime especial de tributaá∆o.;2;V;X;V;X;-;;;
505;;;"N∆o Ç permitido informar al°quota quando o benef°cio municipal for informado na DPS for do tipo ""Isená∆o"" ou ""Al°quota Diferenciada"".";;Obrig.;Rej.;E0612;"N∆o Ç permitido informar al°quota quando o benef°cio municipal informado na DPS for do tipo ""Isená∆o"" ou ""Al°quota Diferenciada"".";3;V;X;X;X;-;;;
506;;;"N∆o Ç permitido o preenchimento do campo pAliq quando ocorrer as condiá‰es abaixo simultaneamente:

1) o prestador de serviáo seja n∆o optante do Simples Nacional (opSimpNac = 1) 
na data de competància informada na DPS, e
2) o convànio do munic°pio de incidància do ISSQN est† ativo na data de competància informada na DPS;";;Obrig.;Rej.;E0617;"N∆o Ç permitido informar al°quota quando o prestador de serviáo n∆o Ç optante do simples nacional (opSimpNac = 1) na data de competància informada na DPS, com o munic°pio de incidància do ISSQN com situaá∆o ""ATIVO"" no Sistema Nacional NFS-e.";3;V;X;X;X;-;;;
507;;;"ê obrigat¢rio o preenchimento do campo pAliq quando ocorrer as condiá‰es abaixo simultaneamente:

1) o prestador de serviáo seja n∆o optante do Simples Nacional (opSimpNac = 1) 
na data de competància informada na DPS, e
2) o convànio do munic°pio de incidància do ISSQN n∆o est† ""Ativo"" na data de competància informada na DPS, e
3) nenhum regime especial de tributaá∆o para o prestador de serviáo (regEspTrib = 0);";;Obrig.;Rej.;E0619;"ê obrigat¢rio informar al°quota quando o prestador de serviáo n∆o Ç optante do simples nacional (opSimpNac = 1) na data de competància informada na DPS, o munic°pio de incidància do ISSQN n∆o est† com situaá∆o ""ATIVO"" no Sistema Nacional NFS-e e n∆o haja algum regime especial de tributaáao para o prestador.";3;V;X;X;X;-;;;
508;;;"ê obrigatorio o preenchimento do campo pAliq quando ocorrer as condiá‰es abaixo simultaneamente:

1) O prestador de serviáo seja optante do Simples Nacional ME/EPP (opSimpNac = 3) 
na data de competància de emiss∆o da DPS e; 
2) a apuraá∆o do ISSQN seja pelo SN (regApTribSN = 1) e;
3) o convànio do munic°pio de incidància do ISSQN est† ""Ativo"" na data de competància informada na DPS, 
4) n∆o haja benef°cio municipal ou, se houver, seja diferente de ""Isená∆o"" e ""Al°quota diferenciada"", e
5) haja retená∆o do ISSQN (tpRetISSQN = 2 ou 3);

Obs: neste cen†rio, o percentual da al°quota m°nima informada permitida Ç 1,8%.";;Obrig.;Rej.;E0621;ê obrigat¢rio informar al°quota quando h† indicaá∆o de retená∆o do ISSQN (tpRetISSQN = 2 ou 3) para o prestador de serviáo ME/EPP (opSimpNac = 3) na data de competància informada na DPS, com apuraá∆o do ISSQN pelo simples nacional (regApTribISSQN = 1), sem benef°cio municipal ou, se houver, seja diferente de isená∆o ou al°quota diferenciada, cujo munic°pio de incidància esteja Ativo no Sistema Nacional NFS-e. Obs: neste cen†rio, o percentual da al°quota m°nima informada permitida Ç 1,8%.;3;V;X;X;X;-;;;
509;;;"N∆o Ç permitido o preenchimento do campo pAliq quando ocorrer as condiá‰es abaixo simultaneamente:

1) O prestador de serviáo seja optante do Simples Nacional ME/EPP (opSimpNac = 3) 
na data de competància de emiss∆o da DPS e; 
2) a apuraá∆o do ISSQN seja pelo SN (regApTribSN = 1) e;
3) o convànio do munic°pio de incidància do ISSQN est† ""Ativo"" na data de competància informada na DPS, 
4) n∆o haja benef°cio municipal ou, se houver, seja diferente de ""Isená∆o"" e ""Al°quota diferenciada"", e
5) n∆o haja retená∆o do ISSQN (tpRetISSQN = 1);";;Obrig.;Rej.;E0625;N∆o Ç permitido informar al°quota quando n∆o h† indicaá∆o de retená∆o do ISSQN (tpRetISSQN = 1) para o prestador de serviáo ME/EPP (opSimpNac = 3) na data de competància informada na DPS, com apuraá∆o do ISSQN pelo simples nacional (regApTribISSQN = 1), sem benef°cio municipal ou, se houver, seja diferente de isená∆o ou al°quota diferenciada, cujo munic°pio de incidància esteja Ativo no Sistema Nacional NFS-e.;3;V;X;X;X;-;;;
510;;;"ê obrigat¢rio o preenchimento do campo pAliq quando ocorrer as condiá‰es abaixo simultaneamente:

1) O prestador de serviáo seja optante do Simples Nacional ME/EPP (opSimpNac = 3) 
na data de competància de emiss∆o da DPS e; 
2) a apuraá∆o do ISSQN seja pelo SN (regApTribSN = 1) e;
3) o convànio do munic°pio de incidància do ISSQN n∆o est† ""Ativo"" na data de competància informada na DPS, e
4) haja retená∆o do ISSQN (tpRetISSQN = 2 ou 3);

Obs: neste cen†rio, o percentual da al°quota m°nima informada permitida Ç 1,8%.";;Obrig.;Rej.;E0628;ê obrigat¢rio informar al°quota quando o munic°pio de incidància do ISSQN n∆o est† Ativo no Sistema Nacional NFS-e, para o prestador de serviáo ME/EPP (opSimpNac = 3) na data de competància informada na DPS, com apuraá∆o do ISSQN pelo simples nacional (regApTribISSQN = 1), com retená∆o do ISSQN (tpRetISSQN = 2 ou 3). Obs: neste cen†rio, o percentual da al°quota m°nima informada permitida Ç 1,8%.;3;V;X;X;X;-;;;
511;;;"N∆o Ç permitido o preenchimento do campo pAliq quando ocorrer as condiá‰es abaixo simultaneamente:

1) O prestador de serviáo seja optante do Simples Nacional ME/EPP (opSimpNac = 3) 
na data de competància de emiss∆o da DPS e; 
2) a apuraá∆o do ISSQN seja pelo SN (regApTribSN = 1) e;
3) o convànio do munic°pio de incidància do ISSQN n∆o est† ""Ativo"" na data de competància informada na DPS, e
4) n∆o haja retená∆o do ISSQN (tpRetISSQN = 1);";;Obrig.;Rej.;E0631;N∆o Ç permitido informar al°quota quando o munic°pio de incidància do ISSQN n∆o est† Ativo no Sistema Nacional NFS-e, para o prestador de serviáo ME/EPP (opSimpNac = 3) na data de competància informada na DPS, com apuraá∆o do ISSQN pelo simples nacional (regApTribISSQN = 1) sem retená∆o do ISSQN (tpRetISSQN = 1).;3;V;X;X;X;-;;;
512;;;"N∆o Ç permitido o preenchimento do campo pAliq quando ocorrer as condiá‰es abaixo simultaneamente:

1) o prestador de serviáo seja optante do Simples Nacional ME/EPP (opSimpNac = 3) 
na data de competància informada na DPS, e
2) a apuraá∆o do ISSQN fora do Simples Nacional, ou seja, pela al°quota do munic°pio 
para o serviáo prestado (regApTribSN = 2 ou 3) e;
3) o convànio do munic°pio de incidància do ISSQN est† ativo na data de competància informada na DPS;";;Obrig.;Rej.;E0635;N∆o Ç permitido informar al°quota quando o convànio do munic°pio de incidància do ISSQN est† ativo na data de competància informada na DPS, para o prestador de serviáo ME/EPP (opSimpNac = 3) com a apuraá∆o do ISSQN fora do Simples Nacional, ou seja, pela al°quota do munic°pio para o serviáo prestado (regApTribSN = 2 ou 3).;3;V;X;X;X;-;;;
513;;;"ê obrigatorio o preenchimento do campo pAliq quando ocorrer as condiá‰es abaixo simultaneamente:

1) O prestador de serviáo seja optante do Simples Nacional ME/EPP (opSimpNac = 3) 
na data de competància de emiss∆o da DPS e; 
2) a apuraá∆o do ISSQN fora do Simples Nacional, ou seja, pela al°quota do munic°pio 
para o serviáo prestado (regApTribSN = 2 ou 3) e;
3) o convànio do munic°pio de incidància do ISSQN n∆o est† ""Ativo"" na data de competància informada na DPS.";;Obrig.;Rej.;E0640;"ê obrigat¢rio informar al°quota quando o prestador de serviáo ME/EPP (opSimpNac = 3) na data de competància informada na DPS, com apuraá∆o do ISSQN fora do Simples Nacional (regApTribISSQN = 2 ou 3), ou seja, pela al°quota do munic°pio para o serviáo prestado, cujo munic°pio de incidància n∆o esteja ""Ativo"" no Sistema Nacional NFS-e.";3;V;X;X;X;-;;;
514;NFSe/infNFSe/DPS/infDPS/valores/trib/;tribFed;N∆o Ç permitido o preenchimento das informaá‰es relativas aos tributos federais quando o emitente da DPS for identificado por uma pessoa f°sica (CPF).;;Obrig.;Obrig.;E0675;N∆o Ç permitido a prestaá∆o de informaá‰es relativas aos tributos federais quando o emitente da DPS for identificado por um pessoa f°sica (CPF).;1;V;X;V;X;-;;;
515;;;N∆o Ç permitido o preenchimento das informaá‰es relativas aos tributos federais quando o emitente for identificado como MEI na data de competància informada na DPS.;;Obrig.;Obrig.;E0676;N∆o Ç permitido o preenchimento das informaá‰es relativas aos tributos federais quando o emitente for identificado como MEI na data de competància informada na DPS.;1;V;X;X;X;-;;;
516;NFSe/infNFSe/DPS/infDPS/valores/trib/tribFed/;pisconfins;-;;-;-;-;-;-;-;-;-;-;-;;;
517;NFSe/infNFSe/DPS/infDPS/valores/trib/tribFed/piscofins/;CST;-;;-;-;-;-;-;-;-;-;-;-;;;
518;NFSe/infNFSe/DPS/infDPS/valores/trib/tribFed/piscofins/;vBCPisCofins;O valor da BC para Pis/Cofins deve ser menor ou igual ao valor do serviáo informado na DPS.;;Obrig.;Obrig.;E0677;O valor da BC para Pis/Cofins deve ser menor ou igual ao valor do serviáo informado na DPS.;1;V;X;V;X;-;;;
519;NFSe/infNFSe/DPS/infDPS/valores/trib/tribFed/piscofins/;pAliqPis;Se a al°quota do Pis (pAliqPis) for informada, ent∆o deve ser igual ou maior que 0 e menor ou igual a 100%.;;Obrig.;Rej.;E0686;A al°quota do Pis deve ser igual ou maior que 0 e menor ou igual a 100%.;1;V;X;V;X;-;;;
520;NFSe/infNFSe/DPS/infDPS/valores/trib/tribFed/piscofins/;pAliqCofins;Se a al°quota do Cofins (pAliqCofins) for informada, ent∆o deve ser igual ou maior que 0 e menor ou igual a 100%.;;Obrig.;Rej.;E0692;A al°quota do Cofins deve ser igual ou maior que 0 e menor ou igual a 100%.;1;V;X;V;X;-;;;
521;NFSe/infNFSe/DPS/infDPS/valores/trib/tribFed/piscofins/;vPis;Se o valor da al°quota do Pis (pAliqPis) for informado, ent∆o o valor do Pis informado na DPS deve ser igual ao valor da base de c†lculo do Pis/Cofins x al°quota do Pis, que foram informados na DPS.;;Obrig.;Rej.;E0694;O valor do Pis informado n∆o corresponde ao resultado da BC Pis/Cofins x Al°quota Pis, que foram informados na DPS.;1;V;X;V;X;-;;;
522;NFSe/infNFSe/DPS/infDPS/valores/trib/tribFed/piscofins/;vCofins;Se o valor da al°quota do Cofins (pAliqCofins) for informado, ent∆o o valor Cofins informado na DPS deve ser igual ao valor da base de c†lculo do Pis/Cofins x al°quota do Cofins , que foram informados na DPS.;;Obrig.;Rej.;E0696;O valor do Cofins informado n∆o corresponde ao resultado da BC Pis/Cofins x Al°quota Cofins, que foram informados na DPS.;1;V;X;V;X;-;;;
523;NFSe/infNFSe/DPS/infDPS/valores/trib/tribFed/piscofins/; tpRetPisCofins;-;;-;-;-;-;1;V;X;V;X;-;;;
524;NFSe/infNFSe/DPS/infDPS/valores/trib/tribFed/;vRetCP;Se o valor do tributo CP for informado, ent∆o deve ser maior que zero e menor que o valor do serviáo informado na DPS.;;Obrig.;Rej.;E0699;O valor do tributo CP deve ser maior que zero e menor que o valor do serviáo informado na DPS.;1;V;X;V;X;-;;;
525;NFSe/infNFSe/DPS/infDPS/valores/trib/tribFed/;vRetIRRF;Se o valor do tributo IRRF for informado, ent∆o deve ser maior que zero e menor que o valor do serviáo informado na DPS.;;Obrig.;Rej.;E0700;O valor do tributo IRRF deve ser maior que zero e menor que o valor do serviáo informado na DPS.;1;V;X;V;X;-;;;
526;NFSe/infNFSe/DPS/infDPS/valores/trib/tribFed/;vRetCSLL;"Se o tipo de retená∆o do PIS/COFINS/CSLL for igual a ""0 - PIS/COFINS/CSLL N∆o Retidos"", ent∆o n∆o Ç permitido informar o campo vRetCSLL.";;Obrig.;Rej.;E0720;"Se o tipo de retená∆o do PIS/COFINS for igual a ""0 - PIS/COFINS/CSLL N∆o Retidos"", ent∆o n∆o Ç permitido informar o campo vRetCSLL.";1;V;X;V;V;-;;;
527;;;"Se o tipo de retená∆o do PIS/COFINS/CSLL for diferente de ""0 - PIS/COFINS/CSLL N∆o Retidos"" ou 
de ""2 - PIS/COFINS N∆o Retido"", ent∆o Ç obrigat¢rio informar o campo vRetCSLL.";;Obrig.;Rej.;E0724;"Se o tipo de retená∆o do PIS/COFINS for diferente de ""0 - PIS/COFINS/CSLL N∆o Retidos"" ou 
de ""2 - PIS/COFINS N∆o Retido"", ent∆o Ç obrigat¢rio informar o campo vRetCSLL.";1;V;X;V;V;-;;;
528;;;Se o valor de retená∆o do CSLL for informado, ent∆o deve ser maior que zero e menor que o valor do serviáo informado na DPS.;;Obrig.;Rej.;E0701;O valor do tributo CSLL deve ser maior que zero e menor que o valor do serviáo informado na DPS.;1;V;X;V;X;-;;;
529;NFSe/infNFSe/DPS/infDPS/valores/trib/;totTrib;-;;-;-;-;-;-;-;-;-;-;-;;;
530;NFSe/infNFSe/DPS/infDPS/valores/trib/totalTrib;vTotTrib;-;;-;-;-;-;-;-;-;-;-;-;;;
531;NFSe/infNFSe/DPS/infDPS/valores/trib/totalTrib/vTotTrib;vTotTribFed;Se valor for informado, ent∆o deve ser igual ou maior que 0 e menor ou igual o valor do serviáo.;;Obrig.;Rej.;E0702;Se o valor for informado, ent∆o deve ser igual ou maior que 0 e menor ou igual o valor do serviáo.;1;V;X;V;X;-;;;
532;NFSe/infNFSe/DPS/infDPS/valores/trib/totalTrib/vTotTrib;vTotTribEst;Se valor for informado, ent∆o deve ser igual ou maior que 0 e menor ou igual o valor do serviáo.;;Obrig.;Rej.;E0703;Se o valor for informado, ent∆o deve ser igual ou maior que 0 e menor ou igual o valor do serviáo.;1;V;X;V;X;-;;;
533;NFSe/infNFSe/DPS/infDPS/valores/trib/totalTrib/vTotTrib;vTotTribMun;Se valor for informado, ent∆o deve ser igual ou maior que 0 e menor ou igual o valor do serviáo.;;Obrig.;Rej.;E0704;Se o valor for informado, ent∆o deve ser igual ou maior que 0 e menor ou igual o valor do serviáo.;1;V;X;V;X;-;;;
534;NFSe/infNFSe/DPS/infDPS/valores/trib/totalTrib;pTotTrib;-;;-;-;-;-;-;-;-;-;-;-;;;
535;NFSe/infNFSe/DPS/infDPS/valores/trib/totalTrib/pTotTrib;pTotTribFed;Se a al°quota for informada, ent∆o deve ser igual ou maior que 0 e menor ou igual a 100%.;;Obrig.;Rej.;E0706;Se a al°quota for informada, ent∆o deve ser igual ou maior que 0 e menor ou igual a 100%.;1;V;X;V;X;-;;;
536;NFSe/infNFSe/DPS/infDPS/valores/trib/totalTrib/pTotTrib;pTotTribEst;Se a al°quota for informada, ent∆o deve ser igual ou maior que 0 e menor ou igual a 100%.;;Obrig.;Rej.;E0707;Se a al°quota for informada, ent∆o deve ser igual ou maior que 0 e menor ou igual a 100%.;1;V;X;V;X;-;;;
537;NFSe/infNFSe/DPS/infDPS/valores/trib/totalTrib/pTotTrib;pTotTribMun;Se a al°quota for informada, ent∆o deve ser igual ou maior que 0 e menor ou igual a 100%.;;Obrig.;Rej.;E0708;Se a al°quota for informada, ent∆o deve ser igual ou maior que 0 e menor ou igual a 100%.;1;V;X;V;X;-;;;
538;NFSe/infNFSe/DPS/infDPS/valores/trib/totTrib/;indTotTrib;Se a situaá∆o do emitente da DPS perante o Simples Nacional na data de competància informada for ME/EPP, o choice indTotTrib nunca poder† ser informado.;;Obrig.;Rej.;E0712;Para ME/EPP indTotTrib nunca poder† ser informado.;1;V;X;X;X;-;;;
539;;;Se a situaá∆o do emitente da DPS perante o Simples Nacional na data de competància informada for N∆o Optante, indTotTrib e pTotTribSN nunca poder† ser informado.;;Obrig.;Rej.;E0713;Para N∆o Optante do SN os campos, indicador de informaá∆o de valor total de tributos e  percentual aproximado do total dos tributos da al°quota do Simples Nacional (%), n∆o podem ser informado.;1;V;X;X;X;-;;;
540;NFSe/infNFSe/DPS/infDPS/valores/trib/totTrib/;pTotTribSN;;;;;;;;;;;;;;;
541;;;Se a situaá∆o do emitente da DPS perante o Simples Nacional na data de competància informada for MEI, o choice pTotTribSN nunca poder† ser informado.;;Obrig.;Rej.;E0710;Para MEI pTotTribSN nunca poder† ser informado.;1;V;X;X;X;-;;;
542;NFSe/infNFSe/DPS/infDPS/;IBSCBS;ê permitido declarar informaá‰es de IBS/CBS somente a partir da data de competància 01/01/2026.;;Obrig.;Rej.;E0850;ê permitido declarar informaá‰es de IBS/CBS somente a partir da data de competància 01/01/2026.;1;V;V;V;V;-;;;
543;;;Somente Ç permitio declarar informaá‰es de IBS/CBS a partir da vers∆o 1.01 da DPS.;;Obrig.;Rej.;E0854;Somente Ç permitio declarar informaá‰es de IBS/CBS a partir da vers∆o 1,01 da DPS.;1;V;V;V;V;-;;;
544;NFSe/infNFSe/DPS/infDPS/IBSCBS/;finNFSe;-;;-;-;-;-;-;-;-;-;-;-;;;
545;NFSe/infNFSe/DPS/infDPS/IBSCBS/;indFinal;-;;-;-;-;-;-;-;-;-;-;-;;;
546;NFSe/infNFSe/DPS/infDPS/IBSCBS/;cIndOp;O c¢digo indicador da operaá∆o deve constar na tabela de c¢digos conforme ANEXO C.;;Obrig.;Rej.;E0901;C¢digo indicador da operaá∆o inexistente.;1;V;V;V;V;-;;;
547;NFSe/infNFSe/DPS/infDPS/IBSCBS/;tpOper;"tpOper deve ser informado se tpEnteGov for informado ou se o serviáo prestado (cTribNac) corresponder aos serviáos listados da LC 116/2003 (e seus correspondentes na NBS): 25.05; 15.09; 17.12; 10.05.";;Obrig.;Rej.;E0903;"C¢digo do tipo de Operaá∆o (tpOper) deve ser informado quando se tratar de uma compra governamental ou um dos serviáos da LC 116/2003 listados: 25.05; 15.09; 17.12; 10.05.";1;V;V;V;V;-;;;
548;;;"tpOper n∆o pode ser informado se tpEnteGov n∆o for informado ou o serviáo (cTribNac) n∆o corresponder aos serviáos da LC 116/2003 (e seus correspondentes na NBS): 25.05; 15.09; 17.12; 10.05.";;Obrig.;Rej.;E0904;"C¢digo do tipo de Operaá∆o (tpOper) n∆o pode ser informado quando n∆o se tratar de uma compra governamental ou um dos serviáos da LC 116/2003 listados: 25.05; 15.09; 17.12; 10.05.";1;V;V;V;V;-;;;
549;NFSe/infNFSe/DPS/infDPS/IBSCBS/;gRefNFSe;O grupo de documentos referenciados (gRefNFSe) deve ser informado quando tpOper = 2 ou 3.;;Obrig.;Rej.;E0905;O grupo de documentos referenciados deve ser informado para o tipo de operaá∆o (tpOper).;1;V;V;V;V;-;;;
550;;;"O grupo de documentos referenciados (gRefNFSe) n∆o pode ser informado se tpOper n∆o for informado 
ou quando tpOper = 1, 4 ou 5.";;Obrig.;Rej.;E0906;O grupo de documentos referenciados n∆o pode ser informado para o tipo de operaá∆o (tpOper).;1;V;V;V;V;-;;;
551;NFSe/infNFSe/DPS/infDPS/IBSCBS/gRefNFSe/;refNFSe;A chave NFS-e referenciada deve ser uma chave v†lida (validar DV);;Obrig.;Rej.;E0907;NFS-e referenciada Ç inv†lida.;1;V;V;V;V;-;;;
552;NFSe/infNFSe/DPS/infDPS/IBSCBS/;tpEnteGov;-;;-;-;-;-;-;-;-;-;-;-;;;
553;NFSe/infNFSe/DPS/infDPS/IBSCBS/;indDest;-;;-;-;-;-;-;-;-;-;-;-;;;
554;NFSe/infNFSe/DPS/infDPS/IBSCBS/;dest;O destinat†rio s¢ deve ser identificado quando indDest for 1.;;Obrig.;Rej.;E0910;O destinat†rio n∆o deve ser identificado para o c¢digo indicador indDest informado.;1;V;V;V;V;-;;;
555;NFSe/infNFSe/DPS/infDPS/IBSCBS/dest/;CNPJ;CNPJ informado na DPS Ç inv†lido (verificar DV).;;Obrig.;Rej.;E0911;CNPJ do destinat†rio informado na DPS Ç inv†lido.;1;V;V;V;V;-;;;
556;;;CNPJ do destinat†rio n∆o existe no cadastro CNPJ na data de competància informada na DPS.;;Obrig.;Rej.;E0912;CNPJ do destinat†rio n∆o encontrado no cadastro CNPJ na data de competància.;1;V;V;X;X;-;;;
557;NFSe/infNFSe/DPS/infDPS/IBSCBS/dest/;CPF;CPF informado na DPS Ç inv†lido (verificar DV).;;Obrig.;Rej.;E0913;CPF do destinat†rio informado na DPS Ç inv†lido.;1;V;V;V;V;-;;;
558;;;CPF do destinat†rio n∆o existe no cadastro CPF na data de competància informada na DPS.;;Obrig.;Rej.;E0914;CPF do destinat†rio n∆o encontrado no cadastro CPF na data de competància.;1;V;V;X;X;-;;;
559;NFSe/infNFSe/DPS/infDPS/IBSCBS/dest/;NIF;-;;-;-;-;-;-;-;-;-;-;-;;;
560;NFSe/infNFSe/DPS/infDPS/IBSCBS/dest/;cNaoNIF;-;;-;-;-;-;-;-;-;-;-;-;;;
561;NFSe/infNFSe/DPS/infDPS/IBSCBS/dest/;xNome;-;;-;-;-;-;-;-;-;-;-;-;;;
562;NFSe/infNFSe/DPS/infDPS/IBSCBS/dest;end;-;;-;-;-;-;-;-;-;-;-;-;;;
563;NFSe/infNFSe/DPS/infDPS/IBSCBS/dest/end;endNac;-;;-;-;-;-;-;-;-;-;-;-;;;
564;NFSe/infNFSe/DPS/infDPS/IBSCBS/dest/end/endNac/;cMun;O c¢digo do munic°pio para o endereáo do destinat†rio do serviáo n∆o existe, conforme tabela IBGE.;;Obrig.;Rej.;E0920;O c¢digo do munic°pio para o endereáo do destinat†rio do serviáo n∆o existe conforme tabela de munic°pio do IBGE.;1;V;V;V;V;-;;;
565;;;Se o destinat†rio for identificado pelo CNPJ, o c¢digo do munic°pio do endereáo do destinat†rio deve existir e corresponder ao munic°pio do seu endereáo no cadastro CNPJ na data de competància informada na DPS.;;Obrig.;Rej.;E0921;O c¢digo do munic°pio informado na DPS para o endereáo do destinat†rio do serviáo, identificado pelo CNPJ, n∆o corresponde ao munic°pio registrado em seus cadastros na data de competància informada na DPS.;1;V;V;V;V;-;;;
566;;;Se o destinat†rio for identificado pelo CPF, o c¢digo do munic°pio do endereáo do destinat†rio deve existir e corresponder ao munic°pio do seu endereáo no cadastro CPF na data de competància informada na DPS.;;Obrig.;Rej.;E0922;O c¢digo do munic°pio informado na DPS para o endereáo do destinat†rio do serviáo, identificado pelo CPF, n∆o corresponde ao munic°pio registrado em seus cadastros na data de competància informada na DPS.;1;V;V;V;V;-;;;
567;NFSe/infNFSe/DPS/infDPS/IBSCBS/dest/end/endNac/;CEP;-;;-;-;-;-;-;-;-;-;-;-;;;
568;NFSe/infNFSe/DPS/infDPS/IBSCBS/dest/end;endExt;-;;-;-;-;-;-;-;-;-;-;-;;;
569;NFSe/infNFSe/DPS/infDPS/IBSCBS/dest/end/endExt/;cPais;-;;-;-;-;-;-;-;-;-;-;-;;;
570;NFSe/infNFSe/DPS/infDPS/IBSCBS/dest/end/endExt/;cEndPost;-;;-;-;-;-;-;-;-;-;-;-;;;
571;NFSe/infNFSe/DPS/infDPS/IBSCBS/dest/end/endExt/;xCidade;-;;-;-;-;-;-;-;-;-;-;-;;;
572;NFSe/infNFSe/DPS/infDPS/IBSCBS/dest/end/endExt/;xEstProvReg;-;;-;-;-;-;-;-;-;-;-;-;;;
573;NFSe/infNFSe/DPS/infDPS/IBSCBS/dest/end/;xLgr;-;;-;-;-;-;-;-;-;-;-;-;;;
574;NFSe/infNFSe/DPS/infDPS/IBSCBS/dest/end/;nro;-;;-;-;-;-;-;-;-;-;-;-;;;
575;NFSe/infNFSe/DPS/infDPS/IBSCBS/dest/end/;xCpl;-;;-;-;-;-;-;-;-;-;-;-;;;
576;NFSe/infNFSe/DPS/infDPS/IBSCBS/dest/end/;xBairro;-;;-;-;-;-;-;-;-;-;-;-;;;
577;NFSe/infNFSe/DPS/infDPS/IBSCBS/dest/;fone;-;;-;-;-;-;-;-;-;-;-;-;;;
578;NFSe/infNFSe/DPS/infDPS/IBSCBS/dest/;email;E-mail deve ser informado conforme estrutura (conter @, ponto etc.).;;Obrig.;Rej.;E0930;E-mail inv†lido.;1;V;V;V;V;-;;;
579;NFSe/infNFSe/DPS/infDPS/IBSCBS/;imovel;Se o c¢digo de tributaá∆o nacional (cTribNac) pertencer a um dos subitens, 07.02.01, 07.02.02, 07.04.01, 07.05,01, 07.05.02, 07.06.01, 07.06.02, 07.07.01, 07.08.01, 07.17.01 e 07.19.01 da lista de serviáos, ent∆o o grupo de informaá‰es de im¢vel n∆o Ç permitido. ;;Obrig.;Rej.;E0931;N∆o Ç permitido o grupo de informaá‰es relativo a im¢vel quando o c¢digo de tributaá∆o nacional, relativo Ö construá∆o civil, for infomado na DPS.;1;V;V;V;V;-;;;
580;;;Se o c¢digo de tributaá∆o nacional (cTribNac) n∆o pertencer a algum dos subitens 07.02.01, 07.02.02, 07.04.01, 07.05,01, 07.05.02, 07.06.01, 07.06.02, 07.07.01, 07.08.01, 07.17.01 e 07.19.01 da lista de serviáos e, o c¢digo indicador da operaá∆o (cIndOp) for relativo a operaá‰es com im¢veis (020101, 020201 ou 020301), ent∆o o grupo de informaá‰es de im¢vel Ç obrigat¢rio.;;Obrig.;Rej.;E0932;ê obrigat¢rio o grupo de informaá‰es relativo ao im¢vel na DPS quando o c¢digo indicador da operaá∆o informado for relacionado Ö im¢vel conforme a tabela IndOp do ANEXO_C-INDOP_IBSCBS-SNNFSe-ESPEC.;1;V;V;V;V;-;;;
581;;;Se o c¢digo de tributaá∆o nacional (cTribNac) n∆o pertencer a algum dos subitens 07.02.01, 07.02.02, 07.04.01, 07.05,01, 07.05.02, 07.06.01, 07.06.02, 07.07.01, 07.08.01, 07.17.01 e 07.19.01 da lista de serviáos e, o c¢digo indicador da operaá∆o (cIndOp) n∆o for relativo a operaá‰es com im¢veis (020101, 020201 ou 020301), ent∆o o grupo de informaá‰es de im¢vel n∆o Ç permitido.;;Obrig.;Rej.;E0928;N∆o Ç permitido o grupo de informaá‰es relativo a im¢vel quando o c¢digo de tributaá∆o nacional (cTribNac) n∆o pertencer a algum dos subitens 07.02.01, 07.02.02, 07.04.01, 07.05,01, 07.05.02, 07.06.01, 07.06.02, 07.07.01, 07.08.01, 07.17.01 e 07.19.01 da lista de serviáos e, o c¢digo indicador da operaá∆o (cIndOp) n∆o for relativo a operaá‰es com im¢veis (020101, 020201 ou 020301), conforme a tabela IndOp do ANEXO_C-INDOP_IBSCBS-SNNFSe-ESPEC.;1;V;V;V;V;-;;;
582;NFSe/infNFSe/DPS/infDPS/IBSCBS/imovel/;inscImobFisc;-;;-;-;-;-;-;-;-;-;-;-;;;
583;NFSe/infNFSe/DPS/infDPS/IBSCBS/imovel/;cCIB;C¢digo do Cadastro Imobili†rio Brasileito - CIB deve ser um c¢digo v†lido - 7 caracteres + DV;;Obrig.;Rej.;E0933;C¢digo CIB inv†lido.;1;V;V;V;V;-;;;
584;NFSe/infNFSe/DPS/infDPS/IBSCBS/imovel/;end;-;;-;-;-;-;-;-;-;-;-;-;;;
585;NFSe/infNFSe/DPS/infDPS/IBSCBS/imovel/end/;CEP;-;;-;-;-;-;-;-;-;-;-;-;;;
586;NFSe/infNFSe/DPS/infDPS/IBSCBS/imovel/end/;endExt;Se o pais local da prestaá∆o do serviáo foi informado (cPaisPrestacao foi informado), ent∆o o grupo de informaá‰es de endereáo no exterior deve ser informado.;;Obrig.;Rej.;E0934;O grupo de informaá‰es de endereáo da atividade sobre bem im¢vel ocorrido no exterior deve ser informado quando o pa°s do local da prestaá∆o for informado na DPS.;1;V;V;V;V;-;;;
587;;;Se o munic°pio local da prestaá∆o do serviáo foi informado (cMunPrestacao foi informado), ent∆o o grupo de informaá‰es de endereáo no exterior n∆o pode ser informado.;;Obrig.;Rej.;E0935;O grupo de informaá‰es de endereáo da atividade sobre bem im¢vel ocorrido no exterior n∆o deve ser informado quando o munic°pio do local da prestaá∆o for informado na DPS.;1;V;V;V;V;-;;;
588;NFSe/infNFSe/DPS/infDPS/IBSCBS/imovel/end/endExt/;cEndPost;-;;-;-;-;-;-;-;-;-;-;-;;;
589;NFSe/infNFSe/DPS/infDPS/IBSCBS/imovel/end/endExt/;xCidade;-;;-;-;-;-;-;-;-;-;-;-;;;
590;NFSe/infNFSe/DPS/infDPS/IBSCBS/imovel/end/endExt/;xEstProvReg;-;;-;-;-;-;-;-;-;-;-;-;;;
591;NFSe/infNFSe/DPS/infDPS/IBSCBS/imovel/end/;xLgr;-;;-;-;-;-;-;-;-;-;-;-;;;
592;NFSe/infNFSe/DPS/infDPS/IBSCBS/imovel/end/;nro;-;;-;-;-;-;-;-;-;-;-;-;;;
593;NFSe/infNFSe/DPS/infDPS/IBSCBS/imovel/end/;xCpl;-;;-;-;-;-;-;-;-;-;-;-;;;
594;NFSe/infNFSe/DPS/infDPS/IBSCBS/imovel/end/;xBairro;-;;-;-;-;-;-;-;-;-;-;-;;;
595;NFSe/infNFSe/DPS/infDPS/IBSCBS/;valores;-;;-;-;-;-;-;-;-;-;-;-;;;
596;NFSe/infNFSe/DPS/infDPS/IBSCBS/valores/;gReeRepRes;-;;-;-;-;-;-;-;-;-;-;-;;;
597;NFSe/infNFSe/DPS/infDPS/IBSCBS/valores/gReeRepRes/;documentos;-;;-;-;-;-;-;-;-;-;-;-;;;
598;NFSe/infNFSe/DPS/infDPS/IBSCBS/valores/gReeRepRes/documentos;dFeNacional;-;;-;-;-;-;-;-;-;-;-;-;;;
599;NFSe/infNFSe/DPS/infDPS/IBSCBS/valores/gReeRepRes/documentos/dFeNacional/;tipoChaveDFe;-;;-;-;-;-;-;-;-;-;-;-;;;
600;NFSe/infNFSe/DPS/infDPS/IBSCBS/valores/gReeRepRes/documentos/dFeNacional/;xTipoChaveDFe;-;;-;-;-;-;-;-;-;-;-;-;;;
601;NFSe/infNFSe/DPS/infDPS/IBSCBS/valores/gReeRepRes/documentos/dFeNacional/;chaveDFe;"A chave do Documento Fiscal eletrìnico - DF-e deve estar no formato DF-e indicado no tipo.
Verificar tamanho: NFSe - 50 d°gitos e NFe e CTe - 44 d°gitos";;Obrig.;Rej.;E0940;Chave DF-e incorreta.;1;V;V;V;V;-;;;
602;;;-;;-;-;-;-;-;-;-;-;-;-;;;
603;NFSe/infNFSe/DPS/infDPS/IBSCBS/valores/gReeRepRes/documentos;docFiscalOutro;Outros documentos fiscais s¢ podem ser informados se a data de competància do documento (dtCompDoc) for anterior a 31/12/2025.;;Obrig.;Rej.;E0942;Outros documentos ficais fiscais n∆o podem ser informados quando a data de competància for posterior a 31 de dezembro de 2025.;1;V;V;V;V;-;;;
604;NFSe/infNFSe/DPS/infDPS/IBSCBS/valores/gReeRepRes/documentos/docFiscalOutro/;cMunDocFiscal;O c¢digo deve existir conforme tabela de munic°pio do IBGE.;;Obrig.;Rej.;E0943;O c¢digo do munic°pio emissor do documento fiscal para fins de reembolso, repasse e ressarcimento que n∆o est† no reposit¢rio nacional est† incorreto.;1;V;V;V;V;-;;;
605;NFSe/infNFSe/DPS/infDPS/IBSCBS/valores/gReeRepRes/documentos/docFiscalOutro/;nDocFiscal;-;;-;-;-;-;-;-;-;-;-;-;;;
606;NFSe/infNFSe/DPS/infDPS/IBSCBS/valores/gReeRepRes/documentos/docFiscalOutro/;xDocFiscal;-;;-;-;-;-;-;-;-;-;-;-;;;
607;NFSe/infNFSe/DPS/infDPS/IBSCBS/valores/gReeRepRes/documentos;docOutro;-;;-;-;-;-;-;-;-;-;-;-;;;
608;NFSe/infNFSe/DPS/infDPS/IBSCBS/valores/gReeRepRes/documentos/docOutro/;nDoc;-;;-;-;-;-;-;-;-;-;-;-;;;
609;NFSe/infNFSe/DPS/infDPS/IBSCBS/valores/gReeRepRes/documentos/docOutro/;xDoc;-;;-;-;-;-;-;-;-;-;-;-;;;
610;NFSe/infNFSe/DPS/infDPS/IBSCBS/valores/gReeRepRes/documentos;fornec;-;;-;-;-;-;-;-;-;-;-;-;;;
611;NFSe/infNFSe/DPS/infDPS/IBSCBS/valores/gReeRepRes/documentos/fornec/;CNPJ;CNPJ informado na DPS Ç inv†lido (verificar DV).;;Obrig.;Rej.;E0945;CNPJ do fornecedor de reembolso, repasse e ressarcimento informado na DPS Ç inv†lido.;1;V;V;V;V;-;;;
612;;;CNPJ do fornecedor n∆o existe no cadastro CNPJ na data de competància informada na DPS.;;Obrig.;Rej.;E0946;CNPJ do fornecedor de reembolso, repasse e ressarcimento informado n∆o encontrado no cadastro CNPJ na data de competància.;1;V;V;X;X;-;;;
613;NFSe/infNFSe/DPS/infDPS/IBSCBS/valores/gReeRepRes/documentos/fornec/;CPF;CPF informado na DPS Ç inv†lido (verificar DV).;;Obrig.;Rej.;E0947;CPF do fornecedor de reembolso, repasse e ressarcimento informado informado na DPS Ç inv†lido.;1;V;V;V;V;-;;;
614;;;CPF do fornecedor n∆o existe no cadastro CPF na data de competància informada na DPS.;;Obrig.;Rej.;E0948;CPF do fornecedor de reembolso, repasse e ressarcimento informado n∆o encontrado no cadastro CPF na data de competància.;1;V;V;X;X;-;;;
615;NFSe/infNFSe/DPS/infDPS/IBSCBS/valores/gReeRepRes/documentos/fornec/;NIF;-;;-;-;-;-;-;-;-;-;-;-;;;
616;NFSe/infNFSe/DPS/infDPS/IBSCBS/valores/gReeRepRes/documentos/fornec/;cNaoNIF;-;;-;-;-;-;-;-;-;-;-;-;;;
617;NFSe/infNFSe/DPS/infDPS/IBSCBS/valores/gReeRepRes/documentos/fornec/;xNome;-;;-;-;-;-;-;-;-;-;-;-;;;
618;NFSe/infNFSe/DPS/infDPS/IBSCBS/valores/gReeRepRes/documentos/;dtEmiDoc;Data de emiss∆o do documento tem que ser igual ou posterior Ö data de competància (dtCompDoc);;Obrig.;Rej.;E0950;Data de emiss∆o do documento tem que ser igual ou posterior Ö data de competància (dtCompDoc);1;V;V;V;V;-;;;
619;NFSe/infNFSe/DPS/infDPS/IBSCBS/valores/gReeRepRes/documentos/;dtCompDoc;Data de competància do documento tem que ser igual ou anterior Ö data de emiss∆o (dtEmiDoc);;Obrig.;Rej.;E0951;Data de competància do documento tem que ser igual ou anterior Ö data de emiss∆o (dtEmiDoc);1;V;V;V;V;-;;;
620;NFSe/infNFSe/DPS/infDPS/IBSCBS/valores/gReeRepRes/documentos/;tpReeRepRes;-;;-;-;-;-;-;-;-;-;-;-;;;
621;NFSe/infNFSe/DPS/infDPS/IBSCBS/valores/gReeRepRes/documentos/;xTpReeRepRes;A descriá∆o do tipo de reembolso, repasse e ressarcimento s¢ deve ser informada quando o tpReeRepRes = 99;;Obrig.;Rej.;E0952;A descriá∆o do tipo de reembolso, repasse e ressarcimento n∆o deve ser preenchida.;1;V;V;V;V;-;;;
622;NFSe/infNFSe/DPS/infDPS/IBSCBS/valores/gReeRepRes/documentos/;vlrReeRepRes;O valor reembolso, repasse e ressarcimento deve ser menor ou igual ao valor do serviáo prestado.;;Obrig.;Rej.;E0953;O valor reembolso, repasse e ressarcimento deve ser menor ou igual ao valor do serviáo prestado.;1;V;V;V;V;-;;;
623;NFSe/infNFSe/DPS/infDPS/IBSCBS/valores/;trib;-;;-;-;-;-;-;-;-;-;-;-;;;
624;NFSe/infNFSe/DPS/infDPS/IBSCBS/valores/trib/;gIBSCBS;-;;-;-;-;-;-;-;-;-;-;-;;;
625;NFSe/infNFSe/DPS/infDPS/IBSCBS/valores/trib/gIBSCBS/;CST;-;;-;-;-;-;-;-;-;-;-;-;;;
626;NFSe/infNFSe/DPS/infDPS/IBSCBS/valores/trib/gIBSCBS/;cClassTrib;C¢digo da classificaá∆o tribut†ria - cClassTrib informado n∆o Ç suportado para as operaá‰es de prestaá∆o de serviáos (validoParaSiglaDfeInformado = false);;Obrig.;Rej.;E0958;cClassTrib para IBS/CBS incorreto para operaá∆o de prestaá∆o de serviáos.;1;V;V;V;V;CALCULADORA;;;
627;;;"C¢digo da classificaá∆o tribut†ria - cClassTrib informado n∆o pertence ao grupo do CST para IBS/CBS informado
3 primeiros d°gitos do cClassTrib devem ser iguais ao CST";;Obrig.;Rej.;E0959;cClassTrib n∆o pertence ao grupo CST indicado.;1;V;V;V;V;-;;;
628;NFSe/infNFSe/DPS/infDPS/IBSCBS/valores/trib/gIBSCBS/;cCredPres;-;;-;-;-;-;-;-;-;-;-;-;;;
629;;;-;;-;-;-;-;-;-;-;-;-;-;;;
630;;;-;;-;-;-;-;-;-;-;-;-;-;;;
631;;;-;;-;-;-;-;-;-;-;-;-;-;;;
632;NFSe/infNFSe/DPS/infDPS/IBSCBS/valores/trib/gIBSCBS/;gTribRegular;Grupo de tributaá∆o regular n∆o deve ser informado quando o indicador para tributaá∆o regular (exigeGrupoTributacaoRegular) para o C¢digo da Classificaá∆o Tribut†ria - cClassTribIBSCBS for igual a false.;;Obrig.;Rej.;E0964;Grupo de tributaá∆o regular n∆o deve ser informado.;1;V;V;V;V;CALCULADORA;;;
633;;;Grupo de tributaá∆o regular n∆o deve ser informado quando o indicador para tributaá∆o regular (exigeGrupoTributacaoRegular) para o C¢digo da Classificaá∆o Tribut†ria - cClassTribIBSCBS for igual a true.;;Obrig.;Rej.;E0965;Grupo de tributaá∆o regular deve ser informado.;1;V;V;V;V;CALCULADORA;;;
634;NFSe/infNFSe/DPS/infDPS/IBSCBS/valores/trib/gIBSCBS/gTribRegular/;CSTReg;-;;-;-;-;-;-;-;-;-;-;-;;;
635;NFSe/infNFSe/DPS/infDPS/IBSCBS/valores/trib/gIBSCBS/gTribRegular/;cClassTribReg;C¢digo da classificaá∆o tribut†ria - cClassTribReg informado n∆o Ç suportado para as operaá‰es de prestaá∆o de serviáos (validoParaSiglaDfeInformado = false);;Obrig.;Rej.;E0969;cClassTribReg para IBS/CBS incorreto para operaá∆o de prestaá∆o de serviáos.;1;V;V;V;V;CALCULADORA;;;
636;;;"C¢digo da classificaá∆o tribut†ria - cClassTrib informado n∆o pertence ao grupo do CST para IBS/CBS informado.
3 primeiros d°gitos do cClassTribReg devem ser iguais ao CSTReg";;Obrig.;Rej.;E0970;cClassTribReg n∆o pertence ao grupo CST indicado em CSTReg.;1;V;V;V;V;-;;;
637;NFSe/infNFSe/DPS/infDPS/IBSCBS/valores/trib/gIBSCBS/;gDif;O c¢digo da situaá∆o tribut†ria (cClassTribIBSCBS ) possui indicador que n∆o permite o uso de diferimento (permiteDiferimento=false);;Obrig.;Rej.;E0971;Grupo de diferimento para IBS/CBS n∆o deve ser informado.;1;V;V;V;V;CALCULADORA;;;
638;;;O c¢digo da situaá∆o tribut†ria possui indicador que o diferimento deve ser informado (permiteDiferimento=true);;Obrig.;Rej.;E0972;Grupo de diferimento para IBS/CBS deve ser informado.;1;V;V;V;V;CALCULADORA;;;
639;NFSe/infNFSe/DPS/infDPS/IBSCBS/valores/trib/gIBSCBS/gDif/;pDifUF;-;;-;-;-;-;-;-;-;-;-;-;;;
640;NFSe/infNFSe/DPS/infDPS/IBSCBS/valores/trib/gIBSCBS/gDif/;pDifMun;-;;-;-;-;-;-;-;-;-;-;-;;;
641;NFSe/infNFSe/DPS/infDPS/IBSCBS/valores/trib/gIBSCBS/gDif/;pDifCBS;-;;-;-;-;-;-;-;-;-;-;-;;;
642;NFSe/infNFSe/DPS/;Signature;A assinatura da DPS deve ser v†lida.;;Obrig.;Rej.;E0714;Arquivo enviado com erro na assinatura.;1;V;X;X;X;-;;;
643;;;"Certificado Digital da assintura inv†lido:

- Validade do Certificado (data in°cio e data fim);
- Verifica a Cadeia de Certificaá∆o;
- Certificado do Transmissor revogado;
- LCR indispon°vel ou inv†lida.";;Obrig.;Rej.;E0715;Certificado Digital da assinatura inv†lido.;1;V;X;X;X;-;;;
644;;;"Certificado Digital da assinatura fora do padr∆o estabelecido pelo projeto NFS-e:

- Vers∆o diferente de 3;
- Se informado, Basic Constraint deve ser true (n∆o pode ser Certificado de AC);
- KeyUsage n∆o define 'Assinatura Digital' e 'N∆o Recusa';
- Falta a extens∆o de CNPJ (OtherName - OID=2.16.76.1.3.3) ou CPF (OtherName - OID=2.16.76.1.3.1);
- Certificado Raiz difere da 'ICP-Brasil'.";;Obrig.;Rej.;E0716;Certificado Digital fora do padr∆o estabelecido.;1;V;X;X;X;-;;;
645;;;"ê obrigat¢ria a existància da assinatura da DPS quando for enviado para Web Service.
";;Obrig.;Rej.;E0717;A assinatura Ç obrigat¢ria quando for enviado para o Web Service.;1;V;X;X;X;-;;;
646;;;A assinatura deve ser feita com o certificado digital do emitente da DPS.;;Obrig.;Rej.;E0718;"A assinatura deve ser feita com o certificado digital do emitente da DPS.
";1;V;X;X;X;-;;;
647;NFSe/;Signature;A assinatura da NFS-e deve ser v†lida.;;Obrig.;Rej.;E1630;Arquivo enviado com erro na assinatura.;1;V;V;V;V;-;;;
648;;;"Certificado Digital da assintura inv†lido:

- Validade do Certificado (data in°cio e data fim);
- Verifica a Cadeia de Certificaá∆o;
- Certificado do Transmissor revogado;
- LCR indispon°vel ou inv†lida.";;Obrig.;Rej.;E1632;Certificado Digital da assinatura inv†lido.;1;V;V;V;V;-;;;
649;;;"Certificado Digital da assinatura fora do padr∆o estabelecido pelo Sistema Nacional NFS-e:

- Vers∆o diferente de 3;
- Se informado, Basic Constraint deve ser true (n∆o pode ser Certificado de AC);
- KeyUsage n∆o define 'Assinatura Digital' e 'N∆o Recusa';
- Falta a extens∆o de CNPJ (OtherName - OID=2.16.76.1.3.3) ou CPF (OtherName - OID=2.16.76.1.3.1);
- Certificado Raiz difere da 'ICP-Brasil'.";;Obrig.;Rej.;E1634;Certificado Digital fora do padr∆o estabelecido.;1;V;V;V;V;-;;;
650;;;ê obrigat¢ria a existància da assinatura da NFS-e quando for enviado para API.;;Obrig.;Rej.;E1636;A assinatura Ç obrigat¢ria quando for enviado paraa API.;1;V;V;V;V;-;;;
651;;;A assinatura deve ser feita com o certificado digital do munic°pio emissor da NFS-e.;;Obrig.;Rej.;E1638;A assinatura deve ser feita com o certificado digital do munici°pio emissor da NFS-e.;1;X;X;V;V;-;;;
;;;;;;;;;;;;;;;;;
